Area,Average Value October 2019,Average Value October 2018,Average Value September 2019,Average Value September 2018,Average Value August 2019,Average Value August 2018,Average Value July 2019,Average Value July 2018,Average Value June 2019,Average Value June 2018,Average Value May 2019,Average Value May 2018,Average Value April 2019,Average Value April 2018,Average Value March 2019,Average Value March 2018,Average Value February 2019,Average Value February 2018,Average Value January 2019,Average Value January 2018,Average Value December 2017,Average Value December 2016,Average Value November 2017,Average Value November 2016,Average Value October 2017,Average Value October 2016,Average Value September 2017,Average Value September 2016,Average Value August 2017,Average Value August 2016,Average Value July 2017,Average Value July 2016,Average Value June 2017,Average Value June 2016,Average Value May 2017,Average Value May 2016,Average Value April 2017,Average Value April 2016,Average Value March 2017,Average Value March 2016,Average Value February 2017,Average Value February 2016,Average Value January 2017,Average Value January 2016,Average Value December 2015,Average Value December 2014,Average Value November 2015,Average Value November 2014,Average Value December 2018,Average Value November 2018,Average Value October 2015,Average Value September 2015,Average Value August 2015,Average Value July 2015,Average Value June 2015,Average Value May 2015,Average Value April 2015,Average Value March 2015,Average Value February 2015,Average Value January 2015
New Zealand,"$697,204 ","$678,537 ","$691,460 ","$675,098 ","$688,760 ","$673,043 ","$687,683 ","$673,182 ","$687,021 ","$673,537 ","$686,954 ","$671,828 ","$686,975 ","$668,875 ","$686,523 ","$669,125 ","$686,050 ","$666,009 ","$684,468 ","$664,860 ","$661,841 ","$636,861 ","$658,472 ","$634,533 ","$653,941 ","$629,151 ","$652,689 ","$621,431 ","$652,786 ","$610,874 ","$651,899 ","$600,244 ","$650,660 ","$591,013 ","$648,266 ","$580,980 ","$645,946 ","$572,969 ","$644,262 ","$566,029 ","$641,355 ","$561,323 ","$639,937 ","$560,329 ","$559,048 ","$487,779 ","$555,392 ","$482,467 ","$682,938 ","$681,545 ","$548,179 ","$538,987 ","$530,443 ","$523,395 ","$517,879 ","$513,549 ","$506,401 ","$501,414 ","$497,473 ","$493,312 "
- Main Urban Areas,"$799,748 ","$788,473 ","$793,322 ","$784,853 ","$791,015 ","$783,337 ","$789,807 ","$784,392 ","$790,389 ","$784,931 ","$790,282 ","$782,686 ","$791,931 ","$779,266 ","$792,687 ","$781,925 ","$792,992 ","$779,068 ","$791,692 ","$778,826 ","$776,171 ","$757,629 ","$772,334 ","$757,472 ","$766,079 ","$751,476 ","$765,474 ","$742,642 ","$766,044 ","$730,378 ","$765,710 ","$717,338 ","$764,881 ","$705,570 ","$763,118 ","$692,780 ","$762,475 ","$683,440 ","$762,110 ","$675,103 ","$759,732 ","$670,254 ","$760,018 ","$670,316 ","$670,148 ","$574,801 ","$666,783 ","$567,601 ","$791,146 ","$790,957 ","$657,992 ","$645,791 ","$634,181 ","$624,493 ","$616,740 ","$610,643 ","$600,774 ","$593,642 ","$588,230 ","$582,401 "
- Auckland Area,"$1,031,447 ","$1,047,178 ","$1,027,392 ","$1,047,535 ","$1,025,193 ","$1,049,174 ","$1,025,389 ","$1,053,006 ","$1,027,113 ","$1,055,613 ","$1,030,439 ","$1,053,068 ","$1,033,583 ","$1,048,960 ","$1,039,917 ","$1,055,831 ","$1,044,576 ","$1,053,662 ","$1,045,775 ","$1,055,254 ","$1,052,349 ","$1,045,374 ","$1,046,544 ","$1,047,942 ","$1,038,486 ","$1,041,175 ","$1,039,104 ","$1,027,572 ","$1,042,761 ","$1,010,636 ","$1,044,446 ","$991,095 ","$1,044,216 ","$975,144 ","$1,042,563 ","$956,212 ","$1,042,916 ","$942,718 ","$1,044,635 ","$930,701 ","$1,042,723 ","$925,010 ","$1,046,002 ","$928,090 ","$932,700 ","$761,945 ","$931,211 ","$749,309 ","$1,048,145 ","$1,050,647 ","$917,726 ","$896,801 ","$875,117 ","$856,505 ","$841,606 ","$830,338 ","$811,473 ","$798,583 ","$787,218 ","$776,394 "
- Wellington Area,"$730,019 ","$686,200 ","$715,740 ","$666,471 ","$713,798 ","$659,070 ","$712,681 ","$657,132 ","$709,803 ","$657,665 ","$706,517 ","$655,641 ","$706,123 ","$652,729 ","$702,896 ","$648,484 ","$699,183 ","$643,776 ","$693,448 ","$642,904 ","$638,204 ","$579,552 ","$634,106 ","$570,416 ","$625,917 ","$562,633 ","$621,123 ","$553,416 ","$615,682 ","$536,751 ","$613,045 ","$524,642 ","$613,166 ","$516,996 ","$612,307 ","$505,572 ","$609,940 ","$497,798 ","$603,981 ","$492,026 ","$596,525 ","$485,896 ","$588,801 ","$483,061 ","$476,621 ","$454,031 ","$468,723 ","$451,776 ","$688,074 ","$685,387 ","$462,986 ","$457,770 ","$458,150 ","$458,947 ","$459,751 ","$458,468 ","$458,831 ","$457,421 ","$457,744 ","$456,282 "
Far North District,"$469,203 ","$435,998 ","$479,832 ","$418,167 ","$467,386 ","$413,660 ","$462,797 ","$407,266 ","$434,354 ","$410,923 ","$444,688 ","$421,449 ","$446,668 ","$428,672 ","$445,772 ","$431,570 ","$448,667 ","$427,406 ","$428,376 ","$421,197 ","$421,582 ","$376,947 ","$420,783 ","$367,005 ","$421,696 ","$359,876 ","$409,120 ","$370,088 ","$413,417 ","$365,085 ","$405,772 ","$355,485 ","$408,416 ","$351,792 ","$402,966 ","$345,895 ","$401,968 ","$343,135 ","$397,600 ","$336,333 ","$399,780 ","$330,904 ","$389,811 ","$328,622 ","$328,687 ","$308,125 ","$328,038 ","$306,122 ","$429,290 ","$438,919 ","$322,542 ","$319,072 ","$318,869 ","$312,903 ","$307,368 ","$303,431 ","$301,831 ","$302,825 ","$305,841 ","$311,873 "
Whangarei District,"$545,547 ","$553,145 ","$543,155 ","$534,846 ","$545,105 ","$531,418 ","$547,711 ","$532,155 ","$548,223 ","$529,133 ","$543,957 ","$527,437 ","$542,715 ","$516,786 ","$545,988 ","$517,302 ","$541,694 ","$510,409 ","$561,271 ","$509,857 ","$499,205 ","$457,990 ","$499,955 ","$456,969 ","$495,464 ","$451,874 ","$500,801 ","$441,244 ","$497,489 ","$429,885 ","$494,212 ","$421,750 ","$492,588 ","$411,931 ","$483,049 ","$404,676 ","$477,765 ","$397,797 ","$472,081 ","$395,670 ","$468,033 ","$391,863 ","$463,319 ","$386,876 ","$380,592 ","$337,190 ","$373,559 ","$337,371 ","$563,201 ","$563,312 ","$364,728 ","$362,021 ","$353,402 ","$351,837 ","$348,590 ","$350,040 ","$344,748 ","$347,095 ","$341,855 ","$339,697 "
Kaipara District,"$556,109 ","$543,968 ","$546,927 ","$543,311 ","$549,054 ","$536,222 ","$554,028 ","$540,211 ","$553,496 ","$539,997 ","$546,715 ","$541,328 ","$535,781 ","$527,089 ","$531,486 ","$521,642 ","$542,765 ","$507,906 ","$557,155 ","$506,745 ","$496,551 ","$467,348 ","$492,074 ","$435,635 ","$505,010 ","$436,144 ","$515,516 ","$432,722 ","$513,954 ","$427,199 ","$521,633 ","$422,295 ","$520,852 ","$418,962 ","$514,219 ","$410,918 ","$493,324 ","$401,844 ","$471,203 ","$390,682 ","$470,913 ","$375,875 ","$463,896 ","$368,580 ","$365,763 ","$339,643 ","$357,569 ","$335,871 ","$550,378 ","$548,740 ","$362,845 ","$357,835 ","$363,663 ","$366,908 ","$350,907 ","$343,015 ","$341,857 ","$345,828 ","$345,996 ","$347,122 "
Rodney District,"$934,994 ","$940,526 ","$941,180 ","$949,953 ","$933,788 ","$949,398 ","$937,656 ","$946,879 ","$943,814 ","$955,826 ","$959,625 ","$954,189 ","$943,272 ","$954,585 ","$953,096 ","$949,896 ","$959,939 ","$951,356 ","$960,040 ","$947,856 ","$941,029 ","$929,162 ","$935,590 ","$923,594 ","$933,909 ","$918,899 ","$939,955 ","$894,816 ","$945,934 ","$869,587 ","$949,658 ","$859,303 ","$955,814 ","$854,183 ","$960,087 ","$849,107 ","$956,733 ","$836,196 ","$940,701 ","$830,104 ","$936,877 ","$825,031 ","$933,456 ","$820,973 ","$815,353 ","$686,579 ","$801,398 ","$675,302 ","$950,940 ","$943,053 ","$784,590 ","$764,673 ","$752,114 ","$740,977 ","$730,774 ","$721,948 ","$713,147 ","$707,259 ","$701,966 ","$694,036 "
- Rodney - Hibiscus Coast,"$912,204 ","$919,172 ","$924,311 ","$932,696 ","$913,907 ","$933,123 ","$918,060 ","$926,996 ","$916,817 ","$933,808 ","$937,309 ","$932,785 ","$916,977 ","$934,678 ","$928,429 ","$920,361 ","$931,246 ","$930,503 ","$933,000 ","$927,897 ","$921,890 ","$903,672 ","$916,063 ","$895,003 ","$913,845 ","$896,988 ","$937,359 ","$877,070 ","$931,381 ","$858,729 ","$927,802 ","$844,826 ","$928,686 ","$842,575 ","$930,274 ","$838,942 ","$930,208 ","$826,908 ","$920,149 ","$811,997 ","$918,495 ","$809,752 ","$908,966 ","$805,596 ","$804,163 ","$681,661 ","$789,822 ","$670,579 ","$929,006 ","$921,316 ","$770,429 ","$755,114 ","$742,137 ","$734,361 ","$722,321 ","$714,506 ","$709,615 ","$702,437 ","$699,245 ","$688,433 "
- Rodney - North,"$958,046 ","$962,811 ","$960,445 ","$968,436 ","$955,475 ","$966,967 ","$958,597 ","$967,280 ","$969,958 ","$978,405 ","$982,455 ","$976,682 ","$969,121 ","$975,786 ","$977,895 ","$979,858 ","$988,380 ","$973,369 ","$987,135 ","$969,140 ","$961,471 ","$957,501 ","$956,318 ","$949,942 ","$954,769 ","$940,204 ","$946,744 ","$913,102 ","$962,249 ","$881,846 ","$972,194 ","$874,992 ","$984,933 ","$867,065 ","$994,136 ","$860,503 ","$986,101 ","$846,592 ","$964,038 ","$850,225 ","$957,228 ","$842,525 ","$961,450 ","$839,796 ","$828,212 ","$692,586 ","$814,954 ","$681,194 ","$973,800 ","$965,739 ","$800,175 ","$775,595 ","$763,926 ","$748,808 ","$740,723 ","$730,709 ","$717,396 ","$712,839 ","$705,236 ","$700,889 "
North Shore City,"$1,189,357 ","$1,215,792 ","$1,173,529 ","$1,216,511 ","$1,172,939 ","$1,213,982 ","$1,171,694 ","$1,223,743 ","$1,177,454 ","$1,225,876 ","$1,179,660 ","$1,227,168 ","$1,189,915 ","$1,227,547 ","$1,197,945 ","$1,235,905 ","$1,206,744 ","$1,231,179 ","$1,202,443 ","$1,228,920 ","$1,226,509 ","$1,218,254 ","$1,212,617 ","$1,224,477 ","$1,201,452 ","$1,220,550 ","$1,195,052 ","$1,207,974 ","$1,200,914 ","$1,183,443 ","$1,202,461 ","$1,160,094 ","$1,203,775 ","$1,135,868 ","$1,198,381 ","$1,110,891 ","$1,195,292 ","$1,101,442 ","$1,201,367 ","$1,077,459 ","$1,196,987 ","$1,076,158 ","$1,214,291 ","$1,079,445 ","$1,089,745 ","$893,263 ","$1,088,059 ","$876,863 ","$1,212,664 ","$1,215,601 ","$1,075,812 ","$1,052,150 ","$1,030,064 ","$1,007,836 ","$988,124 ","$973,684 ","$948,651 ","$935,891 ","$924,579 ","$910,335 "
- North Shore - Coastal,"$1,373,299 ","$1,389,188 ","$1,351,277 ","$1,389,625 ","$1,350,881 ","$1,389,536 ","$1,336,977 ","$1,400,492 ","$1,343,601 ","$1,402,072 ","$1,352,218 ","$1,405,172 ","$1,363,626 ","$1,409,940 ","$1,363,259 ","$1,422,283 ","$1,369,329 ","$1,412,965 ","$1,362,966 ","$1,410,765 ","$1,405,509 ","$1,395,709 ","$1,380,575 ","$1,400,984 ","$1,362,746 ","$1,391,044 ","$1,363,735 ","$1,375,501 ","$1,374,159 ","$1,345,327 ","$1,380,887 ","$1,322,798 ","$1,376,695 ","$1,296,298 ","$1,369,770 ","$1,268,592 ","$1,369,047 ","$1,253,449 ","$1,375,264 ","$1,221,028 ","$1,363,263 ","$1,221,820 ","$1,387,368 ","$1,225,307 ","$1,244,765 ","$1,016,669 ","$1,244,613 ","$996,804 ","$1,383,491 ","$1,381,946 ","$1,231,872 ","$1,205,681 ","$1,174,413 ","$1,148,505 ","$1,128,224 ","$1,112,840 ","$1,082,096 ","$1,072,468 ","$1,060,843 ","$1,037,961 "
- North Shore - Onewa,"$952,140 ","$977,506 ","$942,948 ","$979,893 ","$938,054 ","$970,843 ","$940,108 ","$972,724 ","$945,038 ","$973,865 ","$943,717 ","$973,611 ","$957,639 ","$966,698 ","$963,355 ","$971,511 ","$967,352 ","$972,478 ","$968,251 ","$977,381 ","$981,844 ","$975,593 ","$974,440 ","$984,557 ","$981,196 ","$990,038 ","$961,224 ","$975,610 ","$956,868 ","$959,051 ","$952,432 ","$937,297 ","$956,862 ","$913,236 ","$953,727 ","$887,738 ","$948,963 ","$883,152 ","$952,902 ","$867,412 ","$962,999 ","$867,482 ","$971,364 ","$873,257 ","$878,235 ","$727,282 ","$877,753 ","$712,298 ","$969,252 ","$979,159 ","$869,417 ","$856,484 ","$845,538 ","$823,563 ","$803,207 ","$788,970 ","$771,829 ","$754,149 ","$747,256 ","$739,657 "
- North Shore - North Harbour,"$1,132,290 ","$1,183,193 ","$1,123,897 ","$1,182,468 ","$1,128,774 ","$1,183,366 ","$1,145,339 ","$1,202,627 ","$1,149,620 ","$1,208,727 ","$1,145,924 ","$1,209,897 ","$1,144,335 ","$1,213,381 ","$1,180,331 ","$1,218,876 ","$1,203,893 ","$1,214,172 ","$1,191,045 ","$1,199,720 ","$1,192,164 ","$1,184,533 ","$1,190,355 ","$1,188,075 ","$1,168,764 ","$1,179,794 ","$1,167,255 ","$1,177,378 ","$1,179,806 ","$1,153,406 ","$1,180,491 ","$1,126,152 ","$1,190,626 ","$1,107,688 ","$1,184,048 ","$1,089,841 ","$1,179,375 ","$1,083,728 ","$1,184,914 ","$1,066,069 ","$1,176,182 ","$1,057,472 ","$1,189,924 ","$1,055,300 ","$1,053,882 ","$860,260 ","$1,048,381 ","$849,779 ","$1,194,389 ","$1,194,331 ","$1,031,185 ","$998,257 ","$979,487 ","$964,036 ","$946,419 ","$934,079 ","$908,325 ","$897,152 ","$879,851 ","$873,419 "
Waitakere City,"$812,691 ","$828,326 ","$813,055 ","$824,358 ","$812,456 ","$821,585 ","$809,335 ","$824,066 ","$814,012 ","$826,358 ","$813,218 ","$824,510 ","$817,065 ","$822,169 ","$814,078 ","$824,848 ","$818,788 ","$825,362 ","$819,303 ","$822,871 ","$824,271 ","$840,639 ","$821,105 ","$845,864 ","$818,706 ","$837,300 ","$816,408 ","$824,528 ","$816,503 ","$806,832 ","$819,426 ","$782,039 ","$823,630 ","$771,270 ","$825,736 ","$765,019 ","$826,454 ","$753,880 ","$828,959 ","$739,411 ","$831,705 ","$731,065 ","$836,574 ","$736,745 ","$748,011 ","$595,498 ","$747,664 ","$582,168 ","$822,906 ","$826,280 ","$737,781 ","$720,411 ","$703,242 ","$687,021 ","$670,454 ","$656,880 ","$640,429 ","$626,268 ","$617,267 ","$605,823 "
Auckland City,"$1,216,417 ","$1,231,580 ","$1,215,401 ","$1,234,458 ","$1,211,804 ","$1,240,833 ","$1,209,861 ","$1,245,620 ","$1,207,580 ","$1,248,285 ","$1,210,726 ","$1,242,885 ","$1,216,153 ","$1,231,554 ","$1,230,817 ","$1,244,218 ","$1,232,811 ","$1,239,086 ","$1,234,033 ","$1,245,682 ","$1,245,536 ","$1,218,979 ","$1,241,504 ","$1,222,371 ","$1,223,913 ","$1,209,199 ","$1,226,375 ","$1,194,608 ","$1,232,779 ","$1,180,245 ","$1,234,767 ","$1,163,464 ","$1,228,005 ","$1,146,639 ","$1,222,137 ","$1,121,337 ","$1,223,387 ","$1,101,785 ","$1,229,715 ","$1,093,035 ","$1,224,673 ","$1,088,811 ","$1,225,096 ","$1,092,459 ","$1,095,838 ","$907,819 ","$1,095,480 ","$892,140 ","$1,233,311 ","$1,239,592 ","$1,079,473 ","$1,057,035 ","$1,032,460 ","$1,014,873 ","$1,003,144 ","$992,227 ","$970,360 ","$954,660 ","$938,466 ","$927,671 "
- Auckland City - Central,"$1,070,797 ","$1,079,086 ","$1,070,601 ","$1,070,764 ","$1,059,304 ","$1,065,840 ","$1,048,868 ","$1,082,536 ","$1,046,191 ","$1,097,670 ","$1,054,828 ","$1,102,231 ","$1,070,844 ","$1,086,073 ","$1,086,907 ","$1,095,224 ","$1,076,069 ","$1,076,464 ","$1,082,344 ","$1,078,359 ","$1,085,314 ","$1,062,115 ","$1,086,373 ","$1,055,002 ","$1,079,721 ","$1,040,640 ","$1,079,348 ","$1,021,399 ","$1,084,025 ","$1,012,112 ","$1,082,911 ","$1,003,978 ","$1,073,116 ","$995,878 ","$1,075,398 ","$982,427 ","$1,079,879 ","$957,705 ","$1,062,943 ","$959,332 ","$1,062,336 ","$952,291 ","$1,065,420 ","$951,529 ","$950,815 ","$789,752 ","$951,386 ","$776,610 ","$1,082,656 ","$1,090,427 ","$934,353 ","$913,900 ","$889,787 ","$873,702 ","$862,943 ","$856,063 ","$840,967 ","$826,509 ","$811,493 ","$800,951 "
- Auckland_City - East,"$1,530,015 ","$1,549,668 ","$1,533,894 ","$1,564,278 ","$1,528,249 ","$1,574,598 ","$1,536,306 ","$1,573,358 ","$1,531,894 ","$1,569,601 ","$1,536,378 ","$1,563,198 ","$1,534,300 ","$1,547,553 ","$1,541,614 ","$1,566,924 ","$1,556,954 ","$1,566,834 ","$1,557,718 ","$1,576,640 ","$1,575,133 ","$1,520,349 ","$1,570,354 ","$1,520,825 ","$1,534,549 ","$1,497,097 ","$1,532,259 ","$1,482,962 ","$1,542,465 ","$1,466,887 ","$1,546,047 ","$1,453,988 ","$1,534,921 ","$1,432,904 ","$1,524,074 ","$1,400,219 ","$1,523,289 ","$1,377,649 ","$1,542,858 ","$1,361,455 ","$1,540,731 ","$1,357,985 ","$1,532,815 ","$1,365,024 ","$1,373,235 ","$1,137,909 ","$1,367,684 ","$1,121,524 ","$1,547,702 ","$1,558,780 ","$1,344,454 ","$1,310,291 ","$1,282,105 ","$1,266,529 ","$1,254,506 ","$1,241,408 ","$1,204,656 ","$1,195,389 ","$1,176,965 ","$1,166,134 "
- Auckland City - South,"$1,080,395 ","$1,095,036 ","$1,076,260 ","$1,099,591 ","$1,077,104 ","$1,107,286 ","$1,074,174 ","$1,107,769 ","$1,073,126 ","$1,105,355 ","$1,073,038 ","$1,095,863 ","$1,075,932 ","$1,091,501 ","$1,093,500 ","$1,097,888 ","$1,096,311 ","$1,095,706 ","$1,092,400 ","$1,104,859 ","$1,100,710 ","$1,104,779 ","$1,094,265 ","$1,115,066 ","$1,090,843 ","$1,112,901 ","$1,099,479 ","$1,102,652 ","$1,101,122 ","$1,085,631 ","$1,105,872 ","$1,060,567 ","$1,103,498 ","$1,039,992 ","$1,096,186 ","$1,012,577 ","$1,098,608 ","$996,679 ","$1,108,497 ","$988,243 ","$1,100,193 ","$986,470 ","$1,107,912 ","$989,829 ","$991,153 ","$819,352 ","$994,392 ","$802,348 ","$1,095,532 ","$1,097,192 ","$984,539 ","$969,825 ","$945,957 ","$930,377 ","$915,976 ","$901,031 ","$883,497 ","$863,264 ","$848,043 ","$837,426 "
- Auckland City - Islands,"$1,105,653 ","$1,137,872 ","$1,104,906 ","$1,095,412 ","$1,135,833 ","$1,184,304 ","$1,113,311 ","$1,169,337 ","$1,116,389 ","$1,157,951 ","$1,109,858 ","$1,129,606 ","$1,127,396 ","$1,137,265 ","$1,124,220 ","$1,157,589 ","$1,135,530 ","$1,181,685 ","$1,166,754 ","$1,166,941 ","$1,161,110 ","$1,021,594 ","$1,155,463 ","$1,029,854 ","$1,114,609 ","$1,032,945 ","$1,088,716 ","$1,030,893 ","$1,116,415 ","$1,021,668 ","$1,105,452 ","$982,998 ","$1,099,383 ","$970,126 ","$1,074,011 ","$933,331 ","$1,061,490 ","$931,139 ","$1,066,785 ","$905,380 ","$1,057,341 ","$889,594 ","$1,036,288 ","$902,779 ","$906,239 ","$767,788 ","$900,946 ","$747,260 ","$1,166,500 ","$1,171,450 ","$886,925 ","$883,138 ","$873,774 ","$832,061 ","$825,724 ","$835,061 ","$848,530 ","$830,476 ","$814,239 ","$794,011 "
Manukau City,"$892,729 ","$902,282 ","$886,133 ","$898,133 ","$884,902 ","$898,657 ","$888,950 ","$900,122 ","$889,363 ","$902,851 ","$892,511 ","$899,315 ","$894,560 ","$899,499 ","$892,867 ","$903,135 ","$896,625 ","$902,791 ","$903,213 ","$904,158 ","$895,606 ","$904,516 ","$891,394 ","$906,004 ","$893,580 ","$906,128 ","$897,957 ","$895,932 ","$899,432 ","$881,628 ","$898,361 ","$859,005 ","$900,766 ","$842,142 ","$902,068 ","$824,407 ","$903,160 ","$812,657 ","$900,324 ","$799,700 ","$902,477 ","$789,940 ","$901,422 ","$792,505 ","$796,027 ","$630,167 ","$796,950 ","$623,727 ","$906,658 ","$906,928 ","$783,791 ","$762,626 ","$738,037 ","$715,919 ","$699,425 ","$689,147 ","$673,007 ","$661,431 ","$652,233 ","$641,337 "
- Manukau - East,"$1,136,302 ","$1,156,416 ","$1,123,605 ","$1,152,518 ","$1,126,295 ","$1,148,387 ","$1,132,462 ","$1,150,861 ","$1,135,413 ","$1,155,330 ","$1,135,425 ","$1,156,013 ","$1,134,082 ","$1,152,222 ","$1,136,097 ","$1,159,422 ","$1,141,641 ","$1,155,919 ","$1,147,319 ","$1,161,381 ","$1,150,996 ","$1,161,823 ","$1,144,569 ","$1,168,113 ","$1,151,198 ","$1,173,581 ","$1,158,720 ","$1,154,978 ","$1,167,107 ","$1,132,626 ","$1,166,714 ","$1,100,754 ","$1,169,679 ","$1,083,365 ","$1,168,644 ","$1,054,687 ","$1,172,617 ","$1,041,668 ","$1,165,890 ","$1,024,120 ","$1,159,890 ","$1,013,423 ","$1,158,197 ","$1,016,882 ","$1,021,890 ","$825,278 ","$1,019,388 ","$817,024 ","$1,156,353 ","$1,159,206 ","$1,005,888 ","$978,114 ","$956,068 ","$931,586 ","$917,703 ","$905,622 ","$885,698 ","$870,424 ","$855,612 ","$840,777 "
- Manukau - Central,"$695,703 ","$702,959 ","$692,679 ","$699,180 ","$684,212 ","$699,957 ","$686,555 ","$698,354 ","$687,217 ","$699,169 ","$691,061 ","$693,663 ","$696,245 ","$697,195 ","$695,800 ","$699,099 ","$699,066 ","$701,488 ","$705,752 ","$703,189 ","$695,724 ","$688,248 ","$687,444 ","$696,784 ","$690,284 ","$698,842 ","$688,487 ","$690,259 ","$682,709 ","$679,346 ","$687,130 ","$662,182 ","$684,184 ","$649,964 ","$684,048 ","$643,369 ","$681,590 ","$633,915 ","$681,232 ","$623,098 ","$685,233 ","$613,843 ","$686,567 ","$615,402 ","$619,257 ","$479,063 ","$622,567 ","$474,395 ","$707,726 ","$706,492 ","$613,798 ","$595,925 ","$575,372 ","$554,633 ","$534,266 ","$524,198 ","$510,154 ","$499,190 ","$493,404 ","$486,516 "
- Manukau - North West,"$777,987 ","$777,344 ","$774,167 ","$774,411 ","$774,305 ","$777,534 ","$777,112 ","$780,007 ","$776,791 ","$781,251 ","$781,391 ","$775,279 ","$783,214 ","$777,708 ","$776,746 ","$778,721 ","$778,224 ","$779,011 ","$785,644 ","$776,208 ","$769,615 ","$781,663 ","$770,341 ","$772,913 ","$764,261 ","$768,563 ","$771,872 ","$764,574 ","$773,033 ","$758,117 ","$767,205 ","$741,947 ","$771,795 ","$724,180 ","$774,309 ","$706,122 ","$775,680 ","$696,672 ","$775,666 ","$684,683 ","$785,112 ","$675,482 ","$781,110 ","$675,355 ","$677,480 ","$529,243 ","$676,901 ","$522,545 ","$784,662 ","$783,961 ","$662,825 ","$646,673 ","$620,426 ","$600,481 ","$585,259 ","$576,699 ","$562,889 ","$555,043 ","$548,107 ","$537,829 "
Papakura District,"$703,287 ","$701,061 ","$696,914 ","$699,928 ","$695,577 ","$703,125 ","$702,017 ","$705,108 ","$709,445 ","$702,821 ","$707,659 ","$702,424 ","$695,181 ","$701,181 ","$691,235 ","$703,258 ","$696,415 ","$702,318 ","$696,144 ","$700,283 ","$696,713 ","$681,953 ","$692,175 ","$680,134 ","$684,268 ","$683,031 ","$679,072 ","$667,893 ","$666,387 ","$657,767 ","$675,358 ","$638,678 ","$677,340 ","$626,439 ","$683,812 ","$611,026 ","$693,239 ","$608,610 ","$689,859 ","$612,866 ","$686,465 ","$604,103 ","$684,172 ","$607,837 ","$601,717 ","$463,342 ","$595,557 ","$451,149 ","$701,230 ","$698,825 ","$587,435 ","$569,096 ","$546,791 ","$527,214 ","$511,075 ","$506,213 ","$489,323 ","$480,939 ","$474,949 ","$470,709 "
Franklin District,"$675,058 ","$670,924 ","$671,280 ","$670,094 ","$670,874 ","$668,987 ","$673,372 ","$664,904 ","$672,649 ","$662,146 ","$673,851 ","$667,193 ","$671,078 ","$670,921 ","$671,797 ","$675,378 ","$673,782 ","$674,114 ","$670,613 ","$673,514 ","$666,676 ","$659,906 ","$659,650 ","$647,904 ","$665,843 ","$641,668 ","$663,080 ","$629,381 ","$656,665 ","$621,098 ","$658,595 ","$613,696 ","$666,845 ","$611,898 ","$671,396 ","$599,937 ","$669,518 ","$594,022 ","$667,209 ","$589,925 ","$663,638 ","$585,815 ","$660,557 ","$584,173 ","$580,110 ","$483,529 ","$575,259 ","$481,425 ","$673,679 ","$671,732 ","$563,275 ","$553,965 ","$546,187 ","$532,965 ","$518,827 ","$512,419 ","$500,344 ","$494,946 ","$488,424 ","$487,124 "
Thames-Coromandel District,"$764,214 ","$740,659 ","$765,304 ","$740,456 ","$761,327 ","$729,789 ","$755,715 ","$738,286 ","$752,046 ","$734,252 ","$760,366 ","$736,324 ","$762,007 ","$730,496 ","$766,163 ","$721,023 ","$754,853 ","$712,236 ","$746,189 ","$704,581 ","$700,175 ","$636,951 ","$695,353 ","$623,981 ","$733,369 ","$623,536 ","$718,962 ","$617,179 ","$715,833 ","$605,304 ","$711,444 ","$586,608 ","$710,548 ","$579,314 ","$711,289 ","$570,381 ","$690,634 ","$565,021 ","$670,508 ","$566,037 ","$654,659 ","$556,286 ","$645,780 ","$552,458 ","$546,926 ","$507,093 ","$544,861 ","$505,979 ","$742,945 ","$754,581 ","$539,877 ","$534,464 ","$526,962 ","$526,115 ","$522,424 ","$521,815 ","$519,678 ","$520,923 ","$517,797 ","$512,694 "
Hauraki District,"$431,691 ","$404,863 ","$426,423 ","$400,424 ","$434,849 ","$413,501 ","$421,431 ","$413,018 ","$421,355 ","$428,010 ","$422,702 ","$422,853 ","$415,076 ","$409,040 ","$417,735 ","$387,595 ","$416,927 ","$386,538 ","$422,560 ","$373,471 ","$373,059 ","$353,162 ","$380,447 ","$352,448 ","$385,249 ","$324,565 ","$400,929 ","$324,503 ","$395,868 ","$312,792 ","$396,177 ","$307,560 ","$392,066 ","$307,340 ","$394,065 ","$305,046 ","$352,258 ","$290,118 ","$364,116 ","$285,933 ","$362,059 ","$278,539 ","$359,520 ","$275,990 ","$271,721 ","$238,356 ","$262,553 ","$233,700 ","$417,193 ","$414,064 ","$261,070 ","$259,162 ","$263,593 ","$259,898 ","$259,033 ","$256,292 ","$248,524 ","$251,273 ","$248,804 ","$241,414 "
Waikato District,"$492,217 ","$486,464 ","$488,000 ","$478,200 ","$485,624 ","$476,307 ","$487,503 ","$472,220 ","$490,079 ","$480,749 ","$494,762 ","$482,794 ","$488,457 ","$479,402 ","$487,847 ","$472,520 ","$487,503 ","$471,961 ","$489,613 ","$470,218 ","$459,226 ","$429,013 ","$459,759 ","$426,808 ","$457,448 ","$420,770 ","$442,066 ","$403,728 ","$450,349 ","$394,595 ","$449,975 ","$389,220 ","$453,496 ","$385,618 ","$443,961 ","$378,903 ","$450,043 ","$373,599 ","$451,956 ","$368,282 ","$452,169 ","$358,202 ","$441,525 ","$352,992 ","$344,298 ","$287,059 ","$330,568 ","$280,665 ","$486,980 ","$484,170 ","$323,274 ","$313,584 ","$309,819 ","$305,152 ","$305,103 ","$298,444 ","$294,784 ","$293,200 ","$291,653 ","$291,323 "
Matamata-Piako District,"$488,965 ","$455,282 ","$490,534 ","$457,039 ","$492,997 ","$449,234 ","$490,906 ","$447,499 ","$491,033 ","$443,570 ","$483,142 ","$444,516 ","$481,559 ","$448,353 ","$476,847 ","$441,091 ","$479,696 ","$435,109 ","$467,862 ","$432,464 ","$429,173 ","$390,849 ","$428,838 ","$384,954 ","$428,139 ","$367,901 ","$436,715 ","$363,587 ","$436,381 ","$358,462 ","$423,036 ","$354,534 ","$419,289 ","$341,805 ","$415,687 ","$335,784 ","$409,682 ","$330,303 ","$412,431 ","$326,964 ","$400,688 ","$317,258 ","$398,682 ","$313,960 ","$308,130 ","$278,741 ","$303,531 ","$267,845 ","$459,175 ","$457,680 ","$294,591 ","$288,032 ","$286,896 ","$285,146 ","$284,629 ","$284,133 ","$288,047 ","$284,463 ","$286,522 ","$282,162 "
Hamilton City,"$592,125 ","$575,392 ","$590,500 ","$572,169 ","$588,196 ","$559,190 ","$584,962 ","$558,041 ","$585,264 ","$558,766 ","$585,155 ","$557,789 ","$585,579 ","$557,223 ","$580,285 ","$555,549 ","$580,233 ","$548,417 ","$577,352 ","$544,935 ","$543,446 ","$534,860 ","$544,050 ","$536,565 ","$543,046 ","$537,388 ","$546,402 ","$529,236 ","$544,469 ","$518,387 ","$540,840 ","$513,094 ","$539,357 ","$492,403 ","$537,152 ","$478,323 ","$538,832 ","$471,072 ","$532,888 ","$460,725 ","$532,171 ","$455,966 ","$531,337 ","$447,921 ","$444,211 ","$371,819 ","$435,848 ","$367,509 ","$570,886 ","$565,859 ","$429,829 ","$416,290 ","$400,811 ","$390,113 ","$381,793 ","$379,022 ","$375,879 ","$373,661 ","$373,846 ","$373,266 "
- Hamilton - North East,"$738,510 ","$728,368 ","$736,354 ","$726,501 ","$733,236 ","$714,857 ","$731,229 ","$708,985 ","$731,945 ","$712,446 ","$730,259 ","$707,658 ","$728,384 ","$702,930 ","$722,263 ","$699,275 ","$722,658 ","$694,699 ","$723,758 ","$692,145 ","$689,194 ","$681,272 ","$689,628 ","$684,875 ","$688,533 ","$687,161 ","$691,429 ","$676,962 ","$687,203 ","$666,580 ","$682,118 ","$659,231 ","$679,803 ","$628,043 ","$678,649 ","$605,164 ","$682,774 ","$596,333 ","$677,418 ","$579,195 ","$681,204 ","$574,269 ","$678,886 ","$565,063 ","$561,436 ","$468,100 ","$554,583 ","$463,068 ","$713,105 ","$710,185 ","$541,727 ","$528,449 ","$508,304 ","$495,243 ","$484,686 ","$481,512 ","$475,704 ","$471,128 ","$470,575 ","$470,629 "
- Hamilton - Central & North West,"$547,365 ","$528,876 ","$541,968 ","$528,507 ","$540,962 ","$511,562 ","$537,796 ","$512,579 ","$539,740 ","$513,050 ","$539,602 ","$513,715 ","$540,388 ","$517,478 ","$535,166 ","$515,877 ","$537,091 ","$498,761 ","$532,861 ","$494,164 ","$493,950 ","$499,701 ","$499,982 ","$498,092 ","$498,729 ","$500,392 ","$505,665 ","$495,317 ","$504,094 ","$482,559 ","$504,020 ","$472,328 ","$498,276 ","$451,921 ","$502,378 ","$441,772 ","$502,853 ","$432,603 ","$496,659 ","$428,575 ","$494,010 ","$426,919 ","$489,611 ","$422,465 ","$416,497 ","$344,506 ","$406,515 ","$338,363 ","$528,155 ","$516,983 ","$399,198 ","$388,703 ","$373,562 ","$363,319 ","$357,632 ","$353,866 ","$351,807 ","$346,993 ","$346,260 ","$345,881 "
- Hamilton - South East,"$546,324 ","$521,037 ","$546,079 ","$515,758 ","$543,191 ","$508,015 ","$538,331 ","$512,439 ","$539,041 ","$511,336 ","$540,417 ","$508,483 ","$543,134 ","$506,042 ","$535,462 ","$501,973 ","$535,262 ","$500,468 ","$531,878 ","$494,488 ","$495,151 ","$484,566 ","$491,410 ","$488,963 ","$493,095 ","$489,753 ","$494,249 ","$477,746 ","$494,934 ","$465,907 ","$489,902 ","$463,194 ","$491,788 ","$449,378 ","$485,980 ","$439,842 ","$489,654 ","$435,126 ","$484,524 ","$426,877 ","$481,707 ","$419,430 ","$482,333 ","$408,703 ","$406,574 ","$342,030 ","$396,811 ","$338,786 ","$525,172 ","$519,924 ","$395,671 ","$382,048 ","$368,178 ","$357,521 ","$347,755 ","$346,792 ","$344,347 ","$345,643 ","$347,532 ","$343,052 "
- Hamilton - South West,"$527,827 ","$515,027 ","$528,032 ","$507,600 ","$524,672 ","$489,675 ","$523,088 ","$488,978 ","$520,948 ","$487,811 ","$520,295 ","$491,948 ","$519,968 ","$494,940 ","$519,467 ","$498,890 ","$517,794 ","$491,915 ","$513,504 ","$492,551 ","$488,101 ","$467,435 ","$489,637 ","$468,468 ","$483,984 ","$467,546 ","$487,041 ","$461,971 ","$484,833 ","$454,413 ","$481,377 ","$449,546 ","$482,593 ","$435,483 ","$476,988 ","$423,955 ","$475,052 ","$418,477 ","$467,316 ","$408,260 ","$464,668 ","$403,716 ","$466,235 ","$396,669 ","$392,860 ","$328,673 ","$383,684 ","$326,300 ","$510,288 ","$507,087 ","$379,954 ","$365,330 ","$352,986 ","$343,228 ","$335,524 ","$331,976 ","$329,240 ","$327,096 ","$327,143 ","$328,976 "
Waipa District,"$599,687 ","$560,513 ","$601,507 ","$555,703 ","$593,785 ","$554,519 ","$588,508 ","$553,336 ","$577,565 ","$547,893 ","$571,278 ","$545,908 ","$575,762 ","$539,524 ","$569,756 ","$535,749 ","$566,217 ","$533,012 ","$567,350 ","$530,898 ","$530,552 ","$486,655 ","$532,650 ","$470,996 ","$534,468 ","$465,856 ","$526,055 ","$464,543 ","$519,296 ","$452,702 ","$517,738 ","$445,080 ","$514,927 ","$435,827 ","$506,925 ","$428,919 ","$500,785 ","$424,959 ","$496,884 ","$410,800 ","$497,582 ","$403,248 ","$490,723 ","$396,966 ","$389,792 ","$347,999 ","$381,310 ","$345,303 ","$563,356 ","$560,253 ","$376,183 ","$366,586 ","$362,249 ","$361,285 ","$359,264 ","$356,895 ","$357,168 ","$353,268 ","$353,253 ","$351,373 "
Otorohanga District,"$363,937 ","$272,359 ","$346,922 ","$274,082 ","$356,317 ","$285,344 ","$370,162 ","$273,252 ","$362,612 ","$285,465 ","$337,103 ","$288,098 ","$328,762 ","$309,390 ","$354,723 ","$300,529 ","$319,886 ","$296,181 ","$291,259 ","$293,089 ","$287,098 ","$246,849 ","$291,236 ","$235,430 ","$304,346 ","$242,854 ","$290,582 ","$243,352 ","$280,795 ","$263,633 ","$278,015 ","$250,202 ","$288,008 ","$234,027 ","$263,273 ","$228,261 ","$256,441 ","$222,671 ","$258,186 ","$223,964 ","$266,734 ","$220,875 ","$243,964 ","$223,335 ","$226,071 ","$182,165 ","$215,935 ","$194,393 ","$295,004 ","$291,556 ","$207,243 ","$200,931 ","$194,784 ","$193,998 ","$206,953 ","$206,585 ","$205,920 ","$201,102 ","$202,217 ","$200,185 "
South Waikato District,"$263,475 ","$244,413 ","$258,931 ","$230,253 ","$257,765 ","$215,069 ","$256,818 ","$206,852 ","$257,829 ","$211,053 ","$258,993 ","$219,413 ","$256,807 ","$224,659 ","$251,559 ","$228,687 ","$253,817 ","$225,883 ","$256,730 ","$225,800 ","$229,124 ","$184,672 ","$219,834 ","$180,900 ","$212,671 ","$174,620 ","$209,480 ","$168,446 ","$212,754 ","$163,856 ","$207,925 ","$159,854 ","$206,669 ","$154,866 ","$201,325 ","$152,557 ","$198,308 ","$152,032 ","$196,418 ","$144,706 ","$192,649 ","$146,188 ","$188,852 ","$142,150 ","$139,451 ","$130,477 ","$144,039 ","$126,394 ","$251,236 ","$245,148 ","$141,513 ","$138,549 ","$134,552 ","$128,826 ","$128,306 ","$129,340 ","$126,594 ","$124,849 ","$127,996 ","$130,171 "
Waitomo District,"$229,167 ","$217,674 ","$223,439 ","$226,431 ","$223,730 ","$234,583 ","$220,815 ","$229,215 ","$227,797 ","$209,591 ","$235,562 ","$213,530 ","$228,409 ","$207,523 ","$224,766 ","$196,151 ","$218,868 ","$202,497 ","$217,545 ","$204,268 ","$203,650 ","$172,581 ","$187,615 ","$168,137 ","$196,499 ","$164,567 ","$200,234 ","$161,574 ","$197,048 ","$156,971 ","$191,663 ","$164,555 ","$191,530 ","$168,500 ","$176,405 ","$166,200 ","$169,120 ","$153,690 ","$171,185 ","$146,946 ","$176,081 ","$148,219 ","$172,405 ","$151,970 ","$147,515 ","$136,179 ","$145,655 ","$140,155 ","$222,395 ","$220,684 ","$147,251 ","$144,296 ","$145,488 ","$157,070 ","$164,233 ","$163,392 ","$156,346 ","$158,282 ","$156,011 ","$151,872 "
Taupo District,"$552,346 ","$481,932 ","$538,854 ","$481,247 ","$525,271 ","$478,529 ","$522,819 ","$478,489 ","$519,763 ","$476,044 ","$518,719 ","$478,978 ","$524,666 ","$476,056 ","$515,362 ","$471,296 ","$511,679 ","$466,925 ","$512,818 ","$467,505 ","$463,012 ","$413,011 ","$458,530 ","$406,014 ","$447,342 ","$413,176 ","$445,623 ","$408,943 ","$441,138 ","$404,497 ","$445,296 ","$393,296 ","$446,364 ","$387,697 ","$440,842 ","$386,366 ","$437,943 ","$380,128 ","$435,052 ","$375,562 ","$428,410 ","$372,261 ","$418,130 ","$368,172 ","$362,444 ","$337,511 ","$356,724 ","$333,560 ","$491,830 ","$491,830 ","$353,858 ","$351,739 ","$353,748 ","$347,652 ","$345,003 ","$345,052 ","$345,541 ","$343,544 ","$342,193 ","$340,405 "
Western Bay of Plenty District,"$664,765 ","$629,982 ","$662,733 ","$630,254 ","$669,216 ","$634,582 ","$673,793 ","$630,534 ","$679,914 ","$624,240 ","$675,491 ","$629,381 ","$655,088 ","$627,847 ","$647,838 ","$637,801 ","$652,132 ","$622,227 ","$651,073 ","$617,120 ","$623,705 ","$571,520 ","$626,120 ","$591,202 ","$627,634 ","$596,782 ","$614,822 ","$574,993 ","$613,073 ","$557,640 ","$617,754 ","$540,128 ","$612,363 ","$526,756 ","$602,059 ","$525,133 ","$590,783 ","$509,848 ","$590,608 ","$497,748 ","$581,540 ","$484,340 ","$575,089 ","$475,068 ","$464,732 ","$423,562 ","$452,944 ","$422,071 ","$654,083 ","$640,530 ","$448,638 ","$444,664 ","$441,642 ","$434,438 ","$435,732 ","$424,824 ","$420,513 ","$419,448 ","$427,043 ","$424,202 "
Tauranga City,"$757,521 ","$707,977 ","$747,493 ","$709,339 ","$743,202 ","$705,383 ","$738,277 ","$701,082 ","$743,978 ","$699,634 ","$741,501 ","$700,506 ","$740,222 ","$704,418 ","$733,102 ","$706,922 ","$725,113 ","$706,825 ","$721,981 ","$698,875 ","$693,725 ","$672,197 ","$687,310 ","$665,155 ","$687,241 ","$651,725 ","$686,759 ","$644,297 ","$694,361 ","$633,638 ","$691,350 ","$615,625 ","$687,364 ","$599,915 ","$683,012 ","$591,942 ","$678,643 ","$577,494 ","$676,381 ","$571,872 ","$673,923 ","$564,547 ","$672,752 ","$557,313 ","$541,881 ","$458,521 ","$525,758 ","$455,196 ","$720,645 ","$713,859 ","$513,325 ","$502,771 ","$493,054 ","$489,734 ","$485,561 ","$480,727 ","$475,281 ","$466,378 ","$461,731 ","$457,481 "
Rotorua District,"$491,610 ","$433,573 ","$475,936 ","$435,812 ","$471,768 ","$432,758 ","$471,786 ","$429,354 ","$472,497 ","$424,694 ","$475,164 ","$419,606 ","$478,822 ","$421,223 ","$472,566 ","$419,556 ","$456,816 ","$417,653 ","$444,910 ","$417,258 ","$412,741 ","$375,187 ","$409,832 ","$372,849 ","$404,304 ","$362,583 ","$411,544 ","$354,278 ","$407,318 ","$347,966 ","$399,024 ","$338,679 ","$393,753 ","$327,596 ","$394,408 ","$318,295 ","$396,423 ","$310,109 ","$391,910 ","$305,603 ","$386,810 ","$299,964 ","$379,865 ","$295,241 ","$295,082 ","$269,876 ","$291,963 ","$268,857 ","$441,722 ","$438,371 ","$287,911 ","$283,391 ","$273,754 ","$271,414 ","$272,508 ","$276,865 ","$275,919 ","$268,628 ","$272,091 ","$270,990 "
Whakatane District,"$483,474 ","$455,926 ","$483,774 ","$441,123 ","$480,215 ","$426,767 ","$477,120 ","$428,412 ","$465,040 ","$433,453 ","$470,665 ","$430,854 ","$479,479 ","$433,178 ","$479,987 ","$426,099 ","$464,556 ","$418,096 ","$463,204 ","$411,370 ","$414,658 ","$373,702 ","$415,545 ","$365,438 ","$410,176 ","$373,817 ","$409,953 ","$364,868 ","$403,542 ","$354,685 ","$403,798 ","$356,353 ","$399,082 ","$349,171 ","$397,183 ","$339,491 ","$392,330 ","$329,654 ","$398,552 ","$320,040 ","$390,862 ","$315,504 ","$380,691 ","$313,353 ","$310,290 ","$302,299 ","$307,205 ","$294,271 ","$458,374 ","$462,144 ","$301,840 ","$299,040 ","$299,398 ","$302,958 ","$304,273 ","$299,680 ","$294,908 ","$295,444 ","$297,148 ","$301,000 "
Kawerau District,"$250,012 ","$240,076 ","$263,260 ","$199,828 ","$262,287 ","$204,179 ","$261,145 ","$202,172 ","$268,491 ","$210,576 ","$259,883 ","$200,923 ","$250,975 ","$203,609 ","$243,974 ","$196,397 ","$244,455 ","$190,175 ","$244,386 ","$187,011 ","$188,379 ","$176,324 ","$192,821 ","$158,602 ","$189,499 ","$151,957 ","$190,312 ","$150,723 ","$188,667 ","$152,647 ","$181,302 ","$143,765 ","$181,797 ","$131,004 ","$175,142 ","$128,060 ","$177,944 ","$124,424 ","$171,118 ","$118,993 ","$174,150 ","$114,965 ","$177,183 ","$112,468 ","$110,062 ","$103,391 ","$103,741 ","$102,290 ","$245,137 ","$241,919 ","$101,787 ","$105,265 ","$101,670 ","$101,977 ","$107,763 ","$103,702 ","$103,057 ","$104,629 ","$109,707 ","$101,503 "
Opotiki District,"$361,888 ","$281,484 ","$354,698 ","$288,346 ","$320,201 ","$272,108 ","$319,347 ","$279,415 ","$319,605 ","$271,623 ","$324,499 ","$304,148 ","$320,656 ","$312,871 ","$310,103 ","$334,445 ","$307,271 ","$310,035 ","$343,506 ","$302,220 ","$287,980 ","$250,147 ","$276,447 ","$247,278 ","$271,226 ","$259,963 ","$272,953 ","$264,305 ","$289,547 ","$251,575 ","$285,825 ","$238,218 ","$294,638 ","$241,948 ","$286,688 ","$234,043 ","$285,348 ","$225,983 ","$269,729 ","$224,225 ","$253,857 ","$221,279 ","$248,261 ","$215,710 ","$215,732 ","$197,082 ","$218,616 ","$205,592 ","$278,479 ","$299,005 ","$214,482 ","$211,814 ","$203,767 ","$200,829 ","$199,049 ","$210,985 ","$211,106 ","$201,301 ","$198,097 ","$185,673 "
Gisborne District,"$378,736 ","$321,841 ","$369,210 ","$325,301 ","$368,735 ","$318,788 ","$363,333 ","$312,960 ","$352,586 ","$309,417 ","$349,327 ","$309,070 ","$351,818 ","$308,843 ","$340,288 ","$306,098 ","$333,631 ","$301,863 ","$323,676 ","$296,435 ","$293,346 ","$269,266 ","$290,745 ","$266,676 ","$293,667 ","$256,490 ","$295,010 ","$253,473 ","$293,141 ","$250,509 ","$292,598 ","$246,757 ","$285,855 ","$237,185 ","$281,629 ","$236,413 ","$279,842 ","$235,440 ","$276,793 ","$234,515 ","$272,982 ","$232,442 ","$271,632 ","$231,755 ","$230,662 ","$225,617 ","$232,128 ","$227,968 ","$324,691 ","$323,702 ","$232,330 ","$230,754 ","$229,039 ","$226,887 ","$227,197 ","$225,390 ","$227,934 ","$229,158 ","$228,052 ","$225,047 "
Wairoa District,"$230,673 ","$187,386 ","$204,554 ","$185,128 ","$201,245 ","$183,184 ","$211,697 ","$194,137 ","$218,855 ","$206,626 ","$204,825 ","$196,663 ","$197,735 ","$178,298 ","$198,838 ","$162,447 ","$201,419 ","$158,564 ","$206,551 ","$155,567 ","$155,959 ","$164,486 ","$149,830 ","$161,579 ","$164,654 ","$165,063 ","$166,024 ","$161,110 ","$155,896 ","$154,445 ","$159,755 ","$146,174 ","$157,176 ","$148,059 ","$168,185 ","$153,057 ","$166,402 ","$150,042 ","$170,426 ","$146,103 ","$163,883 ","$145,152 ","$161,966 ","$148,479 ","$148,126 ","$147,069 ","$145,867 ","$144,745 ","$198,666 ","$199,081 ","$147,292 ","$145,208 ","$141,757 ","$144,519 ","$151,762 ","$149,578 ","$147,970 ","$147,698 ","$146,913 ","$145,833 "
Hastings District,"$540,583 ","$455,495 ","$535,219 ","$464,373 ","$531,004 ","$460,059 ","$523,520 ","$456,563 ","$522,306 ","$452,425 ","$519,759 ","$456,101 ","$510,811 ","$457,057 ","$512,277 ","$457,145 ","$511,442 ","$451,686 ","$504,553 ","$453,616 ","$444,961 ","$387,133 ","$442,876 ","$375,175 ","$436,467 ","$366,083 ","$431,805 ","$367,227 ","$425,780 ","$359,679 ","$423,750 ","$353,255 ","$420,155 ","$345,577 ","$413,801 ","$339,439 ","$408,510 ","$332,643 ","$398,612 ","$331,149 ","$397,013 ","$326,092 ","$392,182 ","$323,895 ","$322,613 ","$297,673 ","$317,612 ","$296,571 ","$498,871 ","$465,441 ","$314,654 ","$311,835 ","$312,185 ","$309,499 ","$309,570 ","$306,993 ","$304,937 ","$302,103 ","$299,904 ","$299,096 "
Napier City,"$561,394 ","$516,247 ","$553,128 ","$511,341 ","$553,316 ","$511,891 ","$554,387 ","$514,083 ","$558,000 ","$512,425 ","$556,665 ","$507,062 ","$555,700 ","$502,242 ","$554,560 ","$497,562 ","$549,207 ","$488,236 ","$538,635 ","$483,759 ","$477,959 ","$415,189 ","$473,589 ","$408,509 ","$467,330 ","$396,000 ","$465,943 ","$393,672 ","$459,393 ","$386,615 ","$449,717 ","$379,698 ","$442,986 ","$372,963 ","$436,454 ","$365,895 ","$425,484 ","$363,045 ","$422,945 ","$358,732 ","$419,190 ","$352,995 ","$419,099 ","$348,348 ","$343,843 ","$328,251 ","$338,960 ","$326,343 ","$526,506 ","$521,981 ","$335,433 ","$333,411 ","$332,720 ","$329,825 ","$330,156 ","$328,921 ","$330,242 ","$328,848 ","$329,604 ","$328,774 "
Central Hawkes Bay District,"$386,505 ","$349,307 ","$386,669 ","$337,773 ","$385,481 ","$347,290 ","$377,028 ","$360,202 ","$388,872 ","$340,176 ","$378,015 ","$328,094 ","$389,529 ","$324,844 ","$379,225 ","$327,971 ","$371,586 ","$316,954 ","$367,693 ","$307,507 ","$299,844 ","$251,001 ","$293,069 ","$245,437 ","$284,632 ","$232,718 ","$285,946 ","$230,851 ","$287,158 ","$230,633 ","$286,339 ","$233,417 ","$281,208 ","$231,582 ","$266,382 ","$226,025 ","$263,498 ","$225,084 ","$260,446 ","$223,204 ","$259,663 ","$230,431 ","$253,787 ","$225,326 ","$219,067 ","$201,592 ","$213,234 ","$202,730 ","$358,850 ","$350,506 ","$212,498 ","$208,914 ","$204,394 ","$207,457 ","$217,232 ","$216,750 ","$218,339 ","$213,472 ","$208,515 ","$206,505 "
New Plymouth District,"$481,139 ","$453,509 ","$477,553 ","$448,767 ","$469,729 ","$447,733 ","$465,713 ","$446,742 ","$463,472 ","$450,316 ","$462,388 ","$449,305 ","$464,386 ","$447,253 ","$461,516 ","$441,101 ","$458,367 ","$439,630 ","$458,244 ","$439,011 ","$436,669 ","$411,160 ","$431,996 ","$405,859 ","$429,953 ","$402,526 ","$425,182 ","$398,091 ","$426,255 ","$393,548 ","$424,296 ","$389,690 ","$423,157 ","$389,369 ","$420,080 ","$382,929 ","$418,445 ","$384,654 ","$418,057 ","$379,926 ","$420,813 ","$373,554 ","$415,761 ","$373,648 ","$372,385 ","$357,617 ","$373,450 ","$354,685 ","$457,807 ","$456,522 ","$366,172 ","$362,382 ","$361,993 ","$359,947 ","$359,696 ","$358,858 ","$358,399 ","$357,061 ","$355,304 ","$356,202 "
Stratford District,"$307,306 ","$256,470 ","$293,989 ","$262,239 ","$291,928 ","$266,654 ","$287,725 ","$271,508 ","$283,969 ","$267,129 ","$281,335 ","$264,548 ","$277,870 ","$262,204 ","$269,917 ","$256,737 ","$270,719 ","$251,459 ","$273,478 ","$251,136 ","$252,131 ","$237,270 ","$256,933 ","$236,127 ","$257,745 ","$230,372 ","$253,858 ","$223,004 ","$244,076 ","$221,837 ","$235,850 ","$217,705 ","$236,211 ","$218,478 ","$235,861 ","$214,122 ","$233,938 ","$215,441 ","$234,368 ","$213,917 ","$232,541 ","$209,691 ","$234,372 ","$212,980 ","$209,578 ","$201,493 ","$213,471 ","$197,990 ","$275,520 ","$271,000 ","$212,074 ","$205,130 ","$201,891 ","$198,914 ","$200,786 ","$206,053 ","$202,057 ","$192,033 ","$189,706 ","$199,632 "
South Taranaki District,"$256,035 ","$226,240 ","$253,025 ","$221,433 ","$249,992 ","$226,722 ","$245,216 ","$221,912 ","$243,401 ","$222,496 ","$241,793 ","$218,888 ","$240,012 ","$221,762 ","$237,001 ","$221,370 ","$235,449 ","$218,492 ","$237,108 ","$209,745 ","$206,129 ","$198,035 ","$207,107 ","$201,440 ","$210,575 ","$201,793 ","$210,539 ","$195,804 ","$205,833 ","$192,166 ","$199,525 ","$188,513 ","$198,533 ","$189,418 ","$199,041 ","$188,591 ","$200,012 ","$188,112 ","$200,509 ","$186,154 ","$197,336 ","$187,483 ","$198,934 ","$191,636 ","$188,235 ","$185,794 ","$188,755 ","$186,461 ","$234,335 ","$229,051 ","$186,637 ","$187,951 ","$183,734 ","$185,813 ","$186,156 ","$183,606 ","$185,399 ","$184,359 ","$182,486 ","$181,722 "
Ruapehu District,"$219,289 ","$198,641 ","$220,253 ","$189,709 ","$225,175 ","$195,211 ","$227,370 ","$193,049 ","$220,366 ","$195,448 ","$213,127 ","$189,251 ","$215,106 ","$184,561 ","$206,836 ","$183,680 ","$217,444 ","$179,331 ","$208,713 ","$174,029 ","$171,244 ","$155,436 ","$171,764 ","$152,444 ","$172,616 ","$151,169 ","$168,292 ","$146,822 ","$169,179 ","$144,459 ","$162,648 ","$141,512 ","$163,463 ","$143,267 ","$162,261 ","$139,429 ","$166,185 ","$139,834 ","$162,274 ","$139,589 ","$158,007 ","$136,359 ","$156,971 ","$133,977 ","$133,390 ","$138,465 ","$131,274 ","$134,934 ","$206,954 ","$200,797 ","$133,622 ","$131,825 ","$127,588 ","$128,375 ","$130,895 ","$135,777 ","$130,119 ","$129,347 ","$133,210 ","$139,109 "
Whanganui District,"$319,127 ","$275,696 ","$292,921 ","$260,872 ","$295,081 ","$254,612 ","$307,997 ","$253,071 ","$290,509 ","$255,103 ","$296,161 ","$253,352 ","$276,853 ","$246,964 ","$271,100 ","$242,522 ","$271,483 ","$237,423 ","$273,926 ","$238,248 ","$235,900 ","$204,916 ","$233,750 ","$205,932 ","$228,292 ","$204,553 ","$230,098 ","$202,698 ","$229,961 ","$200,548 ","$229,167 ","$200,022 ","$226,526 ","$197,299 ","$222,406 ","$193,764 ","$220,336 ","$190,900 ","$217,672 ","$190,576 ","$212,695 ","$190,944 ","$207,752 ","$191,516 ","$189,161 ","$182,365 ","$184,696 ","$181,898 ","$276,694 ","$276,113 ","$182,687 ","$180,774 ","$181,207 ","$181,330 ","$183,866 ","$182,228 ","$181,440 ","$180,541 ","$180,604 ","$181,704 "
Rangitikei District,"$252,404 ","$237,213 ","$245,114 ","$222,273 ","$239,833 ","$215,829 ","$239,680 ","$207,227 ","$234,397 ","$204,319 ","$231,438 ","$204,714 ","$229,987 ","$201,053 ","$232,178 ","$201,401 ","$220,021 ","$192,867 ","$216,414 ","$195,601 ","$193,409 ","$160,210 ","$192,385 ","$156,194 ","$186,712 ","$159,097 ","$179,136 ","$161,468 ","$184,866 ","$159,063 ","$189,650 ","$156,715 ","$186,313 ","$152,895 ","$180,820 ","$150,895 ","$185,061 ","$146,295 ","$179,364 ","$147,483 ","$171,286 ","$148,895 ","$163,111 ","$149,959 ","$146,693 ","$142,772 ","$144,644 ","$143,056 ","$221,538 ","$235,406 ","$143,930 ","$144,747 ","$141,893 ","$142,541 ","$142,338 ","$141,856 ","$140,124 ","$141,680 ","$143,469 ","$145,424 "
Manawatu District,"$420,238 ","$356,197 ","$407,939 ","$350,223 ","$408,744 ","$346,676 ","$399,000 ","$340,556 ","$394,079 ","$338,538 ","$385,062 ","$338,277 ","$380,325 ","$336,924 ","$359,435 ","$330,093 ","$361,311 ","$322,942 ","$366,148 ","$326,418 ","$325,330 ","$284,779 ","$327,182 ","$280,362 ","$320,089 ","$277,404 ","$312,089 ","$276,259 ","$307,913 ","$270,431 ","$306,344 ","$267,894 ","$308,599 ","$265,827 ","$306,711 ","$260,980 ","$302,103 ","$260,334 ","$299,293 ","$259,762 ","$297,286 ","$258,274 ","$289,350 ","$255,829 ","$253,559 ","$242,304 ","$252,439 ","$239,878 ","$370,079 ","$364,732 ","$248,729 ","$245,146 ","$244,562 ","$244,085 ","$241,579 ","$241,514 ","$243,111 ","$245,136 ","$242,108 ","$241,363 "
Palmerston North City,"$469,827 ","$413,483 ","$461,061 ","$406,711 ","$455,308 ","$398,565 ","$449,281 ","$394,971 ","$445,586 ","$390,892 ","$442,275 ","$388,542 ","$438,838 ","$383,482 ","$435,696 ","$383,671 ","$434,362 ","$380,255 ","$429,361 ","$379,248 ","$375,217 ","$345,068 ","$374,337 ","$339,678 ","$370,174 ","$335,136 ","$366,104 ","$331,617 ","$362,557 ","$325,041 ","$359,283 ","$320,134 ","$357,752 ","$315,930 ","$357,248 ","$312,645 ","$354,999 ","$308,975 ","$351,959 ","$306,609 ","$349,494 ","$304,193 ","$348,581 ","$302,848 ","$301,466 ","$289,439 ","$298,847 ","$288,383 ","$425,543 ","$419,089 ","$297,253 ","$296,028 ","$294,294 ","$292,977 ","$291,459 ","$290,568 ","$289,853 ","$289,325 ","$290,500 ","$290,805 "
Tararua District,"$242,378 ","$212,863 ","$239,721 ","$213,937 ","$239,482 ","$207,553 ","$243,650 ","$206,049 ","$245,853 ","$197,962 ","$231,465 ","$196,485 ","$230,915 ","$192,227 ","$227,761 ","$187,180 ","$224,524 ","$185,059 ","$225,111 ","$183,896 ","$191,343 ","$168,576 ","$187,187 ","$164,835 ","$181,557 ","$162,470 ","$177,788 ","$157,975 ","$175,537 ","$155,186 ","$173,629 ","$155,591 ","$175,781 ","$156,623 ","$174,216 ","$158,037 ","$177,210 ","$155,903 ","$170,684 ","$156,173 ","$165,264 ","$156,020 ","$163,877 ","$157,146 ","$154,386 ","$150,712 ","$150,797 ","$152,049 ","$221,072 ","$219,074 ","$147,378 ","$148,279 ","$149,455 ","$152,220 ","$153,906 ","$152,892 ","$154,239 ","$150,175 ","$148,830 ","$153,342 "
Horowhenua District,"$388,327 ","$336,219 ","$382,948 ","$320,370 ","$377,208 ","$323,017 ","$374,487 ","$317,130 ","$377,029 ","$318,289 ","$364,487 ","$313,605 ","$367,858 ","$310,928 ","$339,382 ","$307,549 ","$346,858 ","$302,981 ","$340,619 ","$300,771 ","$296,139 ","$254,113 ","$295,407 ","$250,417 ","$290,144 ","$240,800 ","$287,454 ","$239,919 ","$285,597 ","$237,277 ","$282,202 ","$234,491 ","$278,503 ","$226,759 ","$271,879 ","$220,201 ","$266,589 ","$216,285 ","$264,918 ","$216,555 ","$258,639 ","$216,809 ","$258,047 ","$216,862 ","$213,309 ","$203,725 ","$210,957 ","$204,687 ","$337,851 ","$333,973 ","$208,913 ","$208,790 ","$207,073 ","$208,027 ","$206,465 ","$208,338 ","$205,631 ","$204,723 ","$200,826 ","$204,791 "
Kapiti Coast District,"$612,985 ","$566,175 ","$612,870 ","$564,784 ","$605,354 ","$561,203 ","$604,215 ","$561,853 ","$601,223 ","$557,940 ","$597,386 ","$558,258 ","$595,835 ","$555,138 ","$586,842 ","$549,532 ","$584,139 ","$546,371 ","$581,370 ","$544,874 ","$545,818 ","$480,923 ","$538,431 ","$464,077 ","$527,730 ","$458,013 ","$525,799 ","$448,253 ","$518,382 ","$439,682 ","$513,925 ","$427,620 ","$508,221 ","$421,743 ","$501,569 ","$413,798 ","$491,203 ","$406,368 ","$482,789 ","$403,144 ","$479,823 ","$394,815 ","$482,723 ","$393,276 ","$390,917 ","$377,868 ","$388,890 ","$378,617 ","$577,030 ","$573,395 ","$386,460 ","$384,805 ","$382,257 ","$380,564 ","$383,255 ","$380,809 ","$380,626 ","$378,438 ","$379,567 ","$379,642 "
Porirua City,"$628,210 ","$579,085 ","$611,562 ","$561,797 ","$620,051 ","$559,556 ","$620,516 ","$557,895 ","$598,270 ","$560,308 ","$593,179 ","$555,915 ","$597,337 ","$554,193 ","$597,865 ","$549,185 ","$590,928 ","$546,552 ","$585,658 ","$548,889 ","$540,535 ","$477,692 ","$535,268 ","$473,624 ","$527,553 ","$470,059 ","$521,385 ","$453,069 ","$521,775 ","$442,200 ","$513,803 ","$429,950 ","$509,575 ","$423,388 ","$509,433 ","$415,133 ","$510,853 ","$410,524 ","$511,483 ","$407,746 ","$498,652 ","$403,647 ","$484,164 ","$398,937 ","$397,607 ","$379,342 ","$391,273 ","$379,299 ","$591,421 ","$585,048 ","$386,108 ","$380,889 ","$380,751 ","$381,991 ","$383,240 ","$382,368 ","$382,019 ","$379,242 ","$378,330 ","$378,793 "
Upper Hutt City,"$582,840 ","$505,833 ","$574,557 ","$498,113 ","$567,323 ","$499,734 ","$567,809 ","$489,972 ","$562,771 ","$489,539 ","$557,909 ","$486,523 ","$548,786 ","$485,820 ","$542,220 ","$482,846 ","$540,836 ","$474,961 ","$532,632 ","$470,511 ","$469,691 ","$422,596 ","$470,235 ","$412,077 ","$465,199 ","$405,550 ","$457,847 ","$401,717 ","$452,206 ","$388,892 ","$448,947 ","$373,082 ","$448,380 ","$366,480 ","$449,970 ","$359,825 ","$445,632 ","$351,896 ","$442,379 ","$349,295 ","$437,832 ","$348,819 ","$433,538 ","$350,074 ","$347,249 ","$334,652 ","$344,625 ","$334,206 ","$526,702 ","$511,670 ","$338,987 ","$336,993 ","$334,954 ","$337,397 ","$337,345 ","$337,317 ","$339,208 ","$337,003 ","$335,918 ","$333,082 "
Lower Hutt City,"$627,365 ","$571,366 ","$607,896 ","$536,855 ","$601,235 ","$541,118 ","$595,235 ","$537,310 ","$596,737 ","$536,189 ","$584,855 ","$533,075 ","$580,322 ","$534,369 ","$576,086 ","$532,278 ","$574,738 ","$526,659 ","$570,592 ","$523,344 ","$524,357 ","$470,907 ","$524,285 ","$461,955 ","$520,264 ","$460,572 ","$519,410 ","$453,291 ","$515,961 ","$434,838 ","$512,460 ","$420,972 ","$509,860 ","$413,488 ","$505,602 ","$406,188 ","$503,286 ","$402,376 ","$496,314 ","$395,285 ","$488,797 ","$390,967 ","$482,632 ","$390,724 ","$388,177 ","$369,261 ","$383,531 ","$368,099 ","$559,319 ","$572,701 ","$375,820 ","$372,248 ","$373,074 ","$375,237 ","$377,698 ","$375,943 ","$376,200 ","$374,538 ","$374,157 ","$373,539 "
Wellington City,"$839,618 ","$810,184 ","$827,436 ","$795,098 ","$826,486 ","$778,386 ","$827,177 ","$779,112 ","$827,125 ","$780,250 ","$829,167 ","$779,671 ","$831,614 ","$773,722 ","$828,645 ","$768,108 ","$824,029 ","$764,020 ","$817,944 ","$764,560 ","$756,879 ","$693,842 ","$749,870 ","$683,794 ","$738,742 ","$671,387 ","$732,708 ","$661,927 ","$724,965 ","$643,986 ","$724,202 ","$633,611 ","$726,902 ","$625,319 ","$727,119 ","$610,102 ","$724,176 ","$599,482 ","$716,613 ","$593,060 ","$709,806 ","$584,306 ","$702,081 ","$579,857 ","$569,370 ","$541,093 ","$558,211 ","$537,500 ","$813,052 ","$805,442 ","$553,291 ","$546,105 ","$546,914 ","$546,481 ","$546,577 ","$545,132 ","$545,448 ","$544,607 ","$545,830 ","$543,754 "
- Wellington - Central & South,"$832,590 ","$810,430 ","$819,047 ","$800,546 ","$816,509 ","$776,572 ","$815,879 ","$779,869 ","$817,716 ","$773,703 ","$818,850 ","$771,416 ","$828,331 ","$766,460 ","$822,272 ","$766,866 ","$825,748 ","$762,980 ","$811,004 ","$768,645 ","$752,918 ","$697,056 ","$742,749 ","$684,851 ","$728,840 ","$673,584 ","$729,323 ","$662,607 ","$724,511 ","$647,959 ","$723,333 ","$632,974 ","$730,532 ","$627,244 ","$729,070 ","$607,737 ","$721,252 ","$597,309 ","$714,679 ","$593,636 ","$704,885 ","$586,012 ","$703,433 ","$583,374 ","$573,201 ","$552,105 ","$564,985 ","$545,263 ","$806,084 ","$802,787 ","$564,067 ","$554,942 ","$554,268 ","$552,253 ","$553,747 ","$552,724 ","$549,777 ","$552,419 ","$555,523 ","$556,631 "
- Wellington - East,"$906,098 ","$868,706 ","$886,365 ","$834,915 ","$873,421 ","$828,253 ","$886,126 ","$832,590 ","$883,480 ","$831,902 ","$894,209 ","$834,195 ","$887,278 ","$830,118 ","$890,622 ","$820,305 ","$874,158 ","$821,985 ","$875,306 ","$821,254 ","$802,331 ","$738,555 ","$800,674 ","$738,782 ","$808,640 ","$722,209 ","$813,927 ","$718,160 ","$795,148 ","$706,984 ","$789,080 ","$704,208 ","$785,474 ","$689,324 ","$786,968 ","$672,759 ","$785,353 ","$658,550 ","$781,177 ","$650,254 ","$773,982 ","$637,872 ","$753,259 ","$631,237 ","$624,730 ","$592,682 ","$608,460 ","$586,358 ","$869,377 ","$865,336 ","$589,788 ","$589,547 ","$593,768 ","$600,391 ","$591,617 ","$590,776 ","$591,892 ","$591,356 ","$591,878 ","$591,308 "
- Wellington - North,"$767,543 ","$734,195 ","$762,239 ","$721,976 ","$762,227 ","$709,070 ","$761,197 ","$698,020 ","$758,916 ","$705,999 ","$759,928 ","$704,623 ","$762,309 ","$697,381 ","$758,244 ","$691,503 ","$749,548 ","$686,534 ","$746,573 ","$684,884 ","$684,032 ","$614,937 ","$674,630 ","$603,074 ","$657,822 ","$594,589 ","$643,881 ","$586,812 ","$640,773 ","$565,500 ","$643,389 ","$558,101 ","$643,916 ","$548,069 ","$645,798 ","$539,390 ","$646,931 ","$529,641 ","$644,209 ","$522,098 ","$639,076 ","$515,747 ","$627,791 ","$510,485 ","$499,707 ","$471,642 ","$489,284 ","$469,389 ","$744,608 ","$734,740 ","$486,750 ","$478,897 ","$481,129 ","$479,051 ","$479,607 ","$476,082 ","$480,594 ","$480,133 ","$480,124 ","$474,257 "
- Wellington - West,"$949,005 ","$921,056 ","$932,674 ","$904,963 ","$945,971 ","$889,345 ","$934,980 ","$904,102 ","$940,910 ","$903,986 ","$935,754 ","$906,141 ","$937,112 ","$899,599 ","$937,822 ","$887,276 ","$937,733 ","$879,039 ","$934,271 ","$874,198 ","$876,596 ","$815,985 ","$877,461 ","$805,182 ","$863,993 ","$785,452 ","$849,228 ","$768,997 ","$837,601 ","$744,779 ","$834,607 ","$732,912 ","$843,645 ","$728,296 ","$842,417 ","$709,540 ","$839,410 ","$698,559 ","$808,973 ","$689,133 ","$806,933 ","$675,068 ","$808,685 ","$671,069 ","$657,850 ","$614,826 ","$643,393 ","$616,535 ","$924,062 ","$907,187 ","$637,536 ","$630,151 ","$626,611 ","$627,196 ","$629,262 ","$628,804 ","$626,895 ","$616,159 ","$617,682 ","$617,316 "
Masterton District,"$398,731 ","$360,628 ","$397,141 ","$356,306 ","$389,678 ","$356,288 ","$389,489 ","$350,525 ","$385,213 ","$345,970 ","$382,188 ","$340,366 ","$380,864 ","$339,514 ","$377,865 ","$336,613 ","$376,287 ","$336,228 ","$375,693 ","$327,415 ","$325,167 ","$271,912 ","$326,986 ","$269,060 ","$320,823 ","$263,384 ","$312,958 ","$260,551 ","$311,329 ","$253,147 ","$309,917 ","$249,667 ","$303,415 ","$246,070 ","$299,138 ","$245,352 ","$290,842 ","$248,067 ","$288,996 ","$248,008 ","$284,601 ","$245,600 ","$276,020 ","$243,862 ","$243,648 ","$236,537 ","$241,442 ","$237,569 ","$373,485 ","$362,981 ","$237,357 ","$233,537 ","$233,416 ","$238,364 ","$243,092 ","$243,345 ","$242,407 ","$239,643 ","$237,430 ","$236,798 "
Carterton District,"$458,896 ","$395,355 ","$440,187 ","$380,076 ","$436,204 ","$390,225 ","$434,115 ","$393,576 ","$433,488 ","$391,491 ","$434,161 ","$390,544 ","$434,387 ","$386,889 ","$425,136 ","$380,885 ","$415,497 ","$373,391 ","$416,235 ","$366,143 ","$363,112 ","$315,863 ","$362,452 ","$309,979 ","$351,004 ","$306,842 ","$343,836 ","$299,768 ","$349,684 ","$298,918 ","$347,936 ","$286,582 ","$348,811 ","$281,372 ","$334,317 ","$277,406 ","$329,770 ","$279,881 ","$334,835 ","$281,647 ","$333,802 ","$281,086 ","$321,476 ","$272,409 ","$265,700 ","$260,467 ","$260,614 ","$262,491 ","$417,761 ","$405,901 ","$262,279 ","$267,694 ","$271,064 ","$269,213 ","$263,341 ","$265,722 ","$267,895 ","$274,116 ","$270,106 ","$266,450 "
South Wairarapa District,"$546,586 ","$493,553 ","$537,873 ","$483,175 ","$535,905 ","$480,338 ","$528,532 ","$477,452 ","$504,572 ","$481,217 ","$507,205 ","$476,489 ","$511,664 ","$473,557 ","$514,326 ","$482,212 ","$509,868 ","$463,217 ","$510,534 ","$457,934 ","$446,831 ","$363,766 ","$437,125 ","$349,779 ","$447,544 ","$344,807 ","$436,400 ","$340,907 ","$432,110 ","$337,230 ","$421,022 ","$329,795 ","$412,286 ","$328,463 ","$394,506 ","$325,739 ","$388,653 ","$319,801 ","$387,687 ","$321,757 ","$376,069 ","$320,093 ","$370,839 ","$320,459 ","$316,877 ","$298,231 ","$311,263 ","$298,767 ","$502,762 ","$502,359 ","$304,519 ","$312,644 ","$301,264 ","$305,380 ","$304,239 ","$305,942 ","$303,686 ","$302,512 ","$298,795 ","$298,798 "
Tasman District,"$617,484 ","$584,479 ","$608,721 ","$583,877 ","$608,974 ","$585,198 ","$609,444 ","$580,226 ","$611,397 ","$577,410 ","$602,759 ","$571,765 ","$598,246 ","$567,819 ","$598,826 ","$562,614 ","$598,945 ","$565,643 ","$592,575 ","$560,907 ","$556,009 ","$499,082 ","$553,187 ","$487,011 ","$546,808 ","$485,666 ","$539,866 ","$475,427 ","$538,256 ","$463,596 ","$533,816 ","$457,542 ","$535,118 ","$456,144 ","$534,908 ","$450,447 ","$521,575 ","$446,291 ","$512,754 ","$441,024 ","$501,153 ","$434,858 ","$498,111 ","$436,054 ","$436,255 ","$414,947 ","$434,123 ","$415,212 ","$589,630 ","$585,913 ","$430,573 ","$426,852 ","$424,510 ","$422,913 ","$415,394 ","$421,024 ","$417,548 ","$419,517 ","$422,236 ","$419,943 "
Nelson City,"$632,690 ","$590,967 ","$629,287 ","$587,696 ","$627,629 ","$588,140 ","$623,256 ","$583,810 ","$624,307 ","$583,105 ","$624,574 ","$576,839 ","$621,408 ","$571,478 ","$616,634 ","$566,052 ","$612,081 ","$567,767 ","$609,985 ","$558,587 ","$555,184 ","$499,866 ","$553,052 ","$489,338 ","$551,342 ","$484,019 ","$545,565 ","$476,817 ","$538,136 ","$473,624 ","$531,659 ","$464,885 ","$532,120 ","$460,495 ","$527,974 ","$454,565 ","$527,422 ","$451,124 ","$522,201 ","$446,860 ","$513,933 ","$439,741 ","$508,343 ","$436,735 ","$428,608 ","$410,363 ","$424,022 ","$409,126 ","$601,571 ","$597,533 ","$425,169 ","$417,934 ","$415,682 ","$414,989 ","$413,239 ","$412,534 ","$412,011 ","$410,205 ","$408,151 ","$409,236 "
Marlborough District,"$490,373 ","$470,926 ","$484,920 ","$464,593 ","$483,090 ","$461,703 ","$484,747 ","$466,259 ","$488,970 ","$464,687 ","$481,999 ","$464,393 ","$480,112 ","$462,964 ","$474,902 ","$454,276 ","$473,176 ","$454,127 ","$473,074 ","$453,173 ","$450,525 ","$421,688 ","$447,194 ","$411,474 ","$437,689 ","$410,484 ","$435,101 ","$408,014 ","$440,276 ","$400,103 ","$438,292 ","$392,566 ","$437,984 ","$385,818 ","$434,357 ","$377,597 ","$428,509 ","$375,951 ","$427,552 ","$375,044 ","$425,213 ","$374,454 ","$423,753 ","$369,532 ","$366,057 ","$346,589 ","$362,991 ","$344,559 ","$471,086 ","$470,199 ","$358,784 ","$358,750 ","$353,157 ","$352,985 ","$352,449 ","$353,959 ","$350,959 ","$353,392 ","$348,794 ","$346,233 "
Kaikoura District,"$470,869 ","$421,327 ","$449,205 ","$454,646 ","$437,291 ","$393,028 ","$451,295 ","$373,686 ","$445,248 ","$397,231 ","$442,375 ","$378,080 ","$434,286 ","$441,157 ","$429,578 ","$442,296 ","$438,472 ","$447,152 ","$425,810 ","$422,097 ","$414,827 ","$401,384 ","$391,984 ","$396,655 ","$386,625 ","$387,698 ","$385,361 ","$378,164 ","$394,422 ","$374,400 ","$397,117 ","$380,586 ","$383,455 ","$392,516 ","$417,231 ","$389,532 ","$399,661 ","$388,469 ","$406,297 ","$381,908 ","$390,602 ","$374,416 ","$398,058 ","$361,772 ","$369,868 ","$343,478 ","$372,788 ","$350,808 ","$424,329 ","$422,253 ","$360,035 ","$342,677 ","$350,913 ","$364,181 ","$372,890 ","$356,329 ","$345,169 ","$353,298 ","$358,887 ","$351,267 "
Buller District,"$205,794 ","$190,043 ","$200,105 ","$189,956 ","$202,916 ","$181,880 ","$196,974 ","$184,890 ","$196,518 ","$188,433 ","$193,464 ","$188,969 ","$188,272 ","$178,921 ","$191,552 ","$182,860 ","$193,524 ","$184,869 ","$197,092 ","$187,595 ","$179,147 ","$185,826 ","$179,500 ","$191,375 ","$185,849 ","$188,680 ","$187,053 ","$193,319 ","$186,167 ","$202,180 ","$181,996 ","$204,468 ","$186,087 ","$209,962 ","$184,567 ","$206,557 ","$188,334 ","$187,856 ","$185,358 ","$181,687 ","$177,902 ","$181,076 ","$183,573 ","$185,544 ","$189,415 ","$202,019 ","$191,377 ","$202,092 ","$190,262 ","$191,998 ","$194,919 ","$197,946 ","$191,486 ","$185,541 ","$189,375 ","$208,731 ","$206,787 ","$198,252 ","$192,955 ","$200,463 "
Grey District,"$220,532 ","$217,991 ","$218,583 ","$219,069 ","$219,343 ","$217,691 ","$220,830 ","$214,913 ","$219,620 ","$215,880 ","$217,432 ","$216,051 ","$217,810 ","$211,958 ","$214,667 ","$213,338 ","$213,144 ","$211,555 ","$209,808 ","$214,972 ","$209,053 ","$212,567 ","$208,417 ","$207,837 ","$200,361 ","$204,470 ","$208,745 ","$208,318 ","$208,151 ","$213,901 ","$206,940 ","$215,864 ","$211,263 ","$212,097 ","$215,035 ","$215,049 ","$211,078 ","$211,390 ","$206,297 ","$207,439 ","$206,481 ","$197,535 ","$211,780 ","$198,600 ","$202,218 ","$224,530 ","$212,192 ","$220,714 ","$210,616 ","$211,220 ","$211,327 ","$210,768 ","$221,101 ","$215,313 ","$211,916 ","$215,686 ","$221,464 ","$218,747 ","$219,885 ","$219,706 "
Westland District,"$258,062 ","$253,354 ","$264,307 ","$250,922 ","$251,683 ","$243,472 ","$253,234 ","$239,848 ","$254,041 ","$240,687 ","$252,682 ","$244,396 ","$256,109 ","$244,266 ","$262,053 ","$245,140 ","$256,035 ","$237,232 ","$246,433 ","$240,885 ","$241,677 ","$233,680 ","$242,581 ","$233,831 ","$247,001 ","$231,861 ","$237,354 ","$233,226 ","$243,501 ","$235,405 ","$248,800 ","$226,176 ","$252,708 ","$218,688 ","$246,493 ","$221,247 ","$238,076 ","$228,307 ","$240,056 ","$228,740 ","$233,275 ","$233,588 ","$234,405 ","$226,304 ","$231,455 ","$227,620 ","$229,912 ","$228,458 ","$246,163 ","$249,666 ","$231,944 ","$238,173 ","$234,359 ","$229,386 ","$231,952 ","$225,888 ","$226,127 ","$228,774 ","$231,494 ","$232,198 "
Hurunui District,"$394,888 ","$385,663 ","$396,724 ","$390,427 ","$395,102 ","$388,448 ","$395,142 ","$382,739 ","$386,968 ","$385,216 ","$388,012 ","$383,931 ","$390,430 ","$386,263 ","$393,966 ","$377,088 ","$386,778 ","$385,645 ","$390,584 ","$381,419 ","$388,677 ","$374,684 ","$381,831 ","$372,520 ","$379,697 ","$364,973 ","$369,031 ","$370,870 ","$371,914 ","$367,007 ","$372,578 ","$367,915 ","$376,523 ","$359,413 ","$376,755 ","$357,999 ","$370,164 ","$360,629 ","$372,956 ","$361,387 ","$374,130 ","$358,867 ","$378,276 ","$356,507 ","$356,101 ","$346,738 ","$358,486 ","$334,410 ","$385,308 ","$382,320 ","$365,191 ","$360,061 ","$356,025 ","$349,889 ","$346,065 ","$348,594 ","$340,036 ","$338,485 ","$338,745 ","$346,288 "
Waimakariri District,"$452,641 ","$445,570 ","$451,150 ","$445,973 ","$451,733 ","$441,941 ","$450,564 ","$438,547 ","$450,548 ","$440,049 ","$448,071 ","$440,174 ","$448,320 ","$441,478 ","$447,897 ","$439,667 ","$450,191 ","$438,567 ","$448,355 ","$437,733 ","$439,059 ","$431,724 ","$439,936 ","$430,041 ","$437,914 ","$430,173 ","$432,641 ","$427,804 ","$434,284 ","$427,512 ","$435,139 ","$429,832 ","$439,901 ","$427,756 ","$440,525 ","$424,529 ","$441,938 ","$423,653 ","$438,750 ","$423,025 ","$437,569 ","$422,702 ","$434,854 ","$420,339 ","$417,036 ","$414,248 ","$417,122 ","$411,737 ","$448,027 ","$446,829 ","$414,846 ","$416,003 ","$417,430 ","$419,144 ","$417,649 ","$415,972 ","$413,434 ","$415,181 ","$415,705 ","$414,872 "
Christchurch City,"$499,840 ","$493,182 ","$497,290 ","$493,922 ","$496,306 ","$494,476 ","$498,006 ","$495,511 ","$499,934 ","$494,907 ","$498,801 ","$495,292 ","$498,105 ","$491,908 ","$497,298 ","$494,117 ","$495,089 ","$494,563 ","$497,370 ","$494,459 ","$493,706 ","$494,247 ","$493,899 ","$501,229 ","$490,429 ","$498,425 ","$491,626 ","$495,723 ","$493,069 ","$492,766 ","$495,098 ","$492,165 ","$496,378 ","$491,148 ","$495,070 ","$490,137 ","$495,855 ","$488,943 ","$497,120 ","$485,700 ","$498,710 ","$485,014 ","$497,539 ","$484,118 ","$482,043 ","$469,742 ","$480,464 ","$466,814 ","$496,562 ","$495,742 ","$476,207 ","$474,814 ","$476,317 ","$475,322 ","$474,269 ","$474,403 ","$473,053 ","$472,130 ","$473,083 ","$471,550 "
- Christchurch - East,"$383,469 ","$374,125 ","$378,332 ","$373,313 ","$378,096 ","$374,156 ","$377,582 ","$373,331 ","$377,834 ","$372,346 ","$377,323 ","$371,405 ","$376,548 ","$367,875 ","$375,247 ","$371,211 ","$374,931 ","$371,826 ","$376,524 ","$372,005 ","$371,592 ","$368,548 ","$371,471 ","$378,511 ","$369,652 ","$376,670 ","$370,754 ","$374,461 ","$370,617 ","$373,659 ","$370,936 ","$373,972 ","$372,246 ","$372,878 ","$372,013 ","$371,639 ","$370,913 ","$371,095 ","$372,468 ","$368,818 ","$371,793 ","$369,027 ","$371,157 ","$368,302 ","$366,011 ","$351,189 ","$364,385 ","$350,668 ","$375,641 ","$374,801 ","$361,229 ","$360,358 ","$361,162 ","$359,355 ","$357,719 ","$355,382 ","$353,835 ","$353,063 ","$353,513 ","$351,635 "
- Christchurch - Hills,"$670,072 ","$664,840 ","$676,698 ","$672,804 ","$668,006 ","$671,916 ","$674,238 ","$672,116 ","$678,967 ","$672,443 ","$682,648 ","$672,068 ","$689,160 ","$659,097 ","$680,774 ","$668,595 ","$665,411 ","$669,770 ","$675,755 ","$667,870 ","$665,019 ","$656,669 ","$660,947 ","$677,742 ","$648,850 ","$680,656 ","$649,101 ","$680,165 ","$662,309 ","$677,534 ","$664,135 ","$674,056 ","$664,643 ","$663,657 ","$658,809 ","$664,228 ","$672,285 ","$666,360 ","$669,820 ","$652,617 ","$672,029 ","$650,943 ","$667,077 ","$654,145 ","$653,696 ","$626,857 ","$649,558 ","$624,100 ","$671,507 ","$667,195 ","$635,739 ","$637,248 ","$641,937 ","$643,820 ","$642,357 ","$648,713 ","$643,578 ","$636,634 ","$628,444 ","$624,886 "
- Christchurch - Central & North,"$584,220 ","$578,721 ","$581,984 ","$580,585 ","$582,806 ","$582,536 ","$587,089 ","$584,610 ","$589,618 ","$582,507 ","$587,640 ","$582,581 ","$587,683 ","$577,934 ","$586,830 ","$581,421 ","$583,404 ","$583,678 ","$584,841 ","$584,136 ","$583,755 ","$585,705 ","$585,656 ","$591,969 ","$578,963 ","$587,282 ","$580,029 ","$584,553 ","$579,987 ","$576,168 ","$584,373 ","$577,863 ","$586,427 ","$577,779 ","$584,488 ","$578,113 ","$585,099 ","$573,416 ","$586,247 ","$570,630 ","$589,186 ","$568,816 ","$588,632 ","$567,761 ","$567,476 ","$551,899 ","$565,568 ","$548,065 ","$582,090 ","$581,463 ","$559,848 ","$553,927 ","$557,121 ","$555,575 ","$555,394 ","$555,931 ","$553,551 ","$552,194 ","$555,000 ","$554,811 "
- Christchurch - Southwest,"$475,664 ","$471,041 ","$473,674 ","$470,911 ","$472,612 ","$470,481 ","$472,437 ","$472,278 ","$474,624 ","$472,405 ","$472,749 ","$474,459 ","$471,500 ","$475,530 ","$471,969 ","$473,994 ","$472,543 ","$472,482 ","$473,014 ","$471,587 ","$470,896 ","$474,260 ","$470,420 ","$474,906 ","$469,907 ","$470,846 ","$471,582 ","$468,042 ","$473,320 ","$468,454 ","$474,890 ","$465,303 ","$475,906 ","$464,539 ","$476,035 ","$463,270 ","$475,239 ","$463,117 ","$477,267 ","$462,012 ","$479,064 ","$460,967 ","$477,247 ","$459,226 ","$455,464 ","$449,896 ","$455,177 ","$445,780 ","$475,096 ","$474,431 ","$453,417 ","$454,186 ","$454,205 ","$453,253 ","$452,374 ","$453,155 ","$453,201 ","$454,621 ","$455,106 ","$453,082 "
- Christchurch - Banks Peninsula,"$529,472 ","$512,321 ","$518,563 ","$516,638 ","$511,887 ","$512,958 ","$521,143 ","$512,492 ","$522,414 ","$521,188 ","$521,713 ","$513,757 ","$507,330 ","$506,853 ","$520,303 ","$507,165 ","$516,187 ","$511,931 ","$527,724 ","$510,268 ","$509,724 ","$513,275 ","$514,183 ","$517,646 ","$515,635 ","$507,707 ","$513,416 ","$513,548 ","$508,354 ","$511,800 ","$509,675 ","$506,657 ","$507,672 ","$514,123 ","$493,919 ","$503,885 ","$500,781 ","$515,115 ","$504,734 ","$492,865 ","$508,096 ","$500,052 ","$514,403 ","$494,588 ","$489,905 ","$486,868 ","$487,377 ","$480,540 ","$524,368 ","$527,157 ","$477,298 ","$495,215 ","$490,844 ","$496,472 ","$488,100 ","$484,613 ","$487,341 ","$477,643 ","$480,553 ","$482,473 "
Selwyn District,"$557,062 ","$553,862 ","$556,189 ","$555,327 ","$555,967 ","$553,288 ","$558,801 ","$551,175 ","$557,014 ","$547,876 ","$555,471 ","$549,069 ","$553,626 ","$549,651 ","$553,369 ","$549,809 ","$554,157 ","$549,985 ","$554,704 ","$546,340 ","$546,232 ","$544,335 ","$544,469 ","$543,586 ","$543,681 ","$541,536 ","$542,327 ","$535,873 ","$544,099 ","$533,546 ","$545,770 ","$531,517 ","$546,070 ","$532,151 ","$546,346 ","$532,936 ","$545,261 ","$532,546 ","$546,633 ","$532,275 ","$545,372 ","$528,262 ","$547,094 ","$527,063 ","$524,346 ","$510,418 ","$522,414 ","$508,696 ","$555,387 ","$551,641 ","$515,083 ","$516,773 ","$516,716 ","$516,040 ","$518,329 ","$520,532 ","$520,858 ","$518,718 ","$516,099 ","$513,498 "
Ashburton District,"$361,592 ","$354,491 ","$358,793 ","$353,694 ","$354,662 ","$349,935 ","$358,021 ","$350,270 ","$358,188 ","$352,480 ","$359,052 ","$354,456 ","$354,565 ","$352,237 ","$352,740 ","$351,400 ","$356,555 ","$350,500 ","$357,278 ","$350,514 ","$347,698 ","$352,732 ","$345,615 ","$350,942 ","$345,879 ","$350,641 ","$345,070 ","$352,761 ","$347,530 ","$352,955 ","$346,274 ","$351,057 ","$347,807 ","$350,775 ","$351,336 ","$351,758 ","$347,607 ","$345,680 ","$346,678 ","$339,836 ","$344,881 ","$336,751 ","$348,788 ","$341,256 ","$341,748 ","$328,349 ","$338,255 ","$327,190 ","$357,737 ","$354,752 ","$334,512 ","$331,250 ","$327,010 ","$326,941 ","$325,146 ","$328,340 ","$328,582 ","$325,192 ","$325,894 ","$327,565 "
Timaru District,"$374,001 ","$362,447 ","$371,669 ","$358,746 ","$369,166 ","$360,496 ","$367,616 ","$358,794 ","$366,103 ","$359,439 ","$371,408 ","$357,190 ","$372,099 ","$355,493 ","$369,222 ","$356,448 ","$368,291 ","$355,923 ","$364,776 ","$354,254 ","$351,623 ","$334,433 ","$350,033 ","$332,554 ","$353,069 ","$333,399 ","$352,195 ","$330,999 ","$353,407 ","$326,962 ","$350,706 ","$323,296 ","$345,729 ","$322,763 ","$341,693 ","$324,930 ","$335,241 ","$322,987 ","$338,997 ","$319,270 ","$338,653 ","$313,665 ","$335,449 ","$313,257 ","$314,046 ","$289,474 ","$312,663 ","$291,173 ","$364,927 ","$364,136 ","$312,119 ","$310,844 ","$307,866 ","$305,434 ","$301,508 ","$300,959 ","$298,052 ","$298,495 ","$294,692 ","$292,283 "
MacKenzie District,"$543,174 ","$503,459 ","$516,856 ","$508,019 ","$534,243 ","$495,805 ","$515,764 ","$503,467 ","$508,377 ","$519,639 ","$545,398 ","$516,214 ","$515,346 ","$510,120 ","$511,505 ","$523,181 ","$502,767 ","$535,228 ","$516,922 ","$534,982 ","$511,978 ","$410,692 ","$494,980 ","$397,473 ","$485,228 ","$383,839 ","$486,669 ","$379,408 ","$461,208 ","$360,165 ","$469,979 ","$355,551 ","$460,593 ","$356,688 ","$474,921 ","$350,217 ","$455,779 ","$348,854 ","$449,520 ","$344,297 ","$433,271 ","$338,377 ","$420,915 ","$331,697 ","$328,640 ","$291,749 ","$330,962 ","$280,246 ","$516,482 ","$539,001 ","$323,706 ","$310,219 ","$304,367 ","$305,363 ","$310,324 ","$307,216 ","$314,179 ","$316,939 ","$313,642 ","$305,386 "
Waimate District,"$262,727 ","$245,878 ","$264,737 ","$244,199 ","$279,421 ","$245,216 ","$279,294 ","$245,039 ","$270,052 ","$245,060 ","$256,915 ","$243,622 ","$245,555 ","$237,776 ","$243,800 ","$234,446 ","$247,669 ","$233,367 ","$243,742 ","$227,424 ","$231,430 ","$225,411 ","$224,126 ","$225,320 ","$223,575 ","$219,464 ","$222,341 ","$218,208 ","$222,778 ","$212,881 ","$219,432 ","$214,782 ","$219,363 ","$218,210 ","$222,619 ","$226,235 ","$220,009 ","$219,246 ","$218,755 ","$215,409 ","$224,971 ","$209,522 ","$229,085 ","$213,070 ","$215,195 ","$200,937 ","$210,944 ","$200,008 ","$241,926 ","$241,411 ","$207,344 ","$203,893 ","$198,610 ","$199,220 ","$203,954 ","$208,869 ","$209,310 ","$210,060 ","$205,733 ","$207,288 "
Waitaki District,"$329,735 ","$302,068 ","$323,654 ","$304,354 ","$320,929 ","$302,834 ","$320,653 ","$304,301 ","$320,901 ","$304,118 ","$321,245 ","$305,118 ","$321,028 ","$303,867 ","$322,392 ","$303,914 ","$315,005 ","$301,777 ","$309,462 ","$297,755 ","$288,202 ","$256,882 ","$282,113 ","$253,089 ","$284,244 ","$252,402 ","$287,866 ","$249,895 ","$283,490 ","$247,240 ","$283,822 ","$241,912 ","$278,798 ","$238,272 ","$271,422 ","$236,417 ","$267,631 ","$235,007 ","$261,295 ","$235,861 ","$263,134 ","$235,077 ","$260,433 ","$232,215 ","$232,366 ","$221,790 ","$230,138 ","$221,689 ","$308,326 ","$305,254 ","$231,194 ","$230,462 ","$229,153 ","$227,818 ","$229,553 ","$227,452 ","$225,522 ","$225,104 ","$221,857 ","$221,732 "
Central Otago District,"$543,843 ","$513,151 ","$534,739 ","$506,927 ","$534,077 ","$503,826 ","$544,669 ","$495,762 ","$531,832 ","$498,191 ","$524,239 ","$492,471 ","$516,062 ","$489,234 ","$520,476 ","$478,415 ","$523,218 ","$476,421 ","$510,951 ","$471,455 ","$467,458 ","$398,063 ","$467,868 ","$392,775 ","$469,842 ","$408,830 ","$467,482 ","$401,475 ","$458,418 ","$395,861 ","$455,725 ","$390,534 ","$453,074 ","$384,718 ","$450,482 ","$374,408 ","$434,656 ","$366,431 ","$437,791 ","$356,462 ","$423,431 ","$352,635 ","$411,111 ","$346,710 ","$344,080 ","$318,988 ","$337,421 ","$318,926 ","$506,706 ","$503,902 ","$336,555 ","$332,771 ","$331,673 ","$330,258 ","$328,285 ","$326,480 ","$322,793 ","$319,769 ","$317,764 ","$319,534 "
Queenstown-Lakes District,"$1,202,463 ","$1,166,167 ","$1,191,923 ","$1,169,834 ","$1,181,975 ","$1,161,159 ","$1,175,745 ","$1,167,412 ","$1,173,692 ","$1,174,557 ","$1,182,362 ","$1,172,888 ","$1,194,045 ","$1,155,858 ","$1,200,185 ","$1,120,905 ","$1,204,828 ","$1,114,358 ","$1,201,645 ","$1,116,673 ","$1,111,995 ","$1,022,214 ","$1,105,213 ","$1,000,205 ","$1,092,736 ","$974,564 ","$1,079,748 ","$959,282 ","$1,098,037 ","$930,154 ","$1,092,748 ","$910,974 ","$1,071,995 ","$899,335 ","$1,052,211 ","$875,002 ","$1,041,830 ","$842,559 ","$1,042,258 ","$810,980 ","$1,039,434 ","$802,634 ","$1,032,560 ","$790,112 ","$776,671 ","$693,045 ","$756,665 ","$692,271 ","$1,193,225 ","$1,174,167 ","$750,809 ","$734,050 ","$731,093 ","$717,021 ","$719,562 ","$717,130 ","$715,482 ","$715,787 ","$705,964 ","$697,560 "
Dunedin City,"$486,395 ","$423,910 ","$473,702 ","$420,127 ","$465,457 ","$415,888 ","$458,974 ","$410,966 ","$460,448 ","$410,342 ","$456,183 ","$408,971 ","$457,530 ","$404,780 ","$451,199 ","$398,120 ","$449,023 ","$392,921 ","$436,208 ","$392,512 ","$391,098 ","$354,133 ","$386,326 ","$341,604 ","$382,402 ","$341,566 ","$380,701 ","$339,201 ","$375,814 ","$333,890 ","$373,857 ","$331,967 ","$375,371 ","$327,664 ","$373,810 ","$323,735 ","$371,739 ","$317,714 ","$363,821 ","$315,185 ","$359,629 ","$311,088 ","$359,055 ","$310,887 ","$308,944 ","$292,220 ","$306,614 ","$291,598 ","$434,903 ","$431,665 ","$302,329 ","$302,651 ","$299,508 ","$298,928 ","$296,048 ","$293,446 ","$291,556 ","$291,454 ","$292,179 ","$293,033 "
- Dunedin - Central & North,"$503,993 ","$443,963 ","$487,675 ","$441,992 ","$479,174 ","$438,893 ","$472,799 ","$430,985 ","$476,285 ","$429,360 ","$474,085 ","$428,915 ","$473,988 ","$421,397 ","$466,662 ","$412,991 ","$462,675 ","$407,170 ","$451,519 ","$410,278 ","$408,365 ","$368,259 ","$403,396 ","$354,124 ","$397,643 ","$354,449 ","$398,393 ","$355,987 ","$392,058 ","$350,082 ","$387,007 ","$348,835 ","$388,783 ","$342,492 ","$388,003 ","$336,617 ","$384,959 ","$329,042 ","$376,502 ","$328,089 ","$372,954 ","$324,200 ","$372,295 ","$326,612 ","$324,600 ","$300,925 ","$323,425 ","$300,737 ","$451,524 ","$452,174 ","$315,396 ","$314,659 ","$310,933 ","$310,929 ","$305,077 ","$302,369 ","$302,419 ","$303,242 ","$302,167 ","$302,534 "
- Dunedin - Peninsular & Coastal,"$449,421 ","$387,309 ","$433,217 ","$378,220 ","$422,182 ","$376,065 ","$420,109 ","$373,823 ","$414,883 ","$378,942 ","$408,789 ","$379,411 ","$411,862 ","$372,547 ","$412,228 ","$366,813 ","$406,636 ","$360,626 ","$397,158 ","$360,397 ","$364,115 ","$308,938 ","$355,106 ","$305,738 ","$348,171 ","$305,445 ","$344,916 ","$304,687 ","$324,480 ","$298,486 ","$336,932 ","$294,844 ","$346,370 ","$290,662 ","$348,301 ","$289,982 ","$346,444 ","$284,048 ","$338,306 ","$282,889 ","$326,875 ","$280,651 ","$320,180 ","$283,655 ","$277,251 ","$270,935 ","$280,648 ","$265,068 ","$402,558 ","$397,546 ","$272,903 ","$273,146 ","$275,543 ","$277,370 ","$278,122 ","$274,295 ","$267,261 ","$267,187 ","$270,161 ","$270,330 "
- Dunedin - South,"$463,353 ","$404,889 ","$458,864 ","$397,407 ","$449,447 ","$389,610 ","$438,252 ","$388,492 ","$442,031 ","$388,388 ","$436,797 ","$388,025 ","$444,017 ","$384,642 ","$432,127 ","$375,458 ","$429,080 ","$373,280 ","$413,458 ","$373,189 ","$375,130 ","$338,291 ","$368,133 ","$325,299 ","$365,713 ","$326,917 ","$355,886 ","$324,084 ","$353,979 ","$318,259 ","$352,656 ","$316,332 ","$355,718 ","$312,140 ","$353,668 ","$309,837 ","$352,212 ","$306,107 ","$343,886 ","$299,944 ","$340,838 ","$295,698 ","$342,080 ","$293,108 ","$291,984 ","$278,627 ","$287,399 ","$278,274 ","$414,678 ","$411,561 ","$285,970 ","$288,733 ","$284,394 ","$284,751 ","$284,685 ","$279,328 ","$275,951 ","$275,252 ","$278,073 ","$279,282 "
- Dunedin - Taieri,"$501,828 ","$437,685 ","$490,069 ","$436,642 ","$484,624 ","$431,902 ","$479,514 ","$425,433 ","$479,561 ","$422,640 ","$474,468 ","$417,767 ","$471,967 ","$417,667 ","$467,822 ","$415,844 ","$469,903 ","$408,439 ","$456,216 ","$402,502 ","$398,926 ","$371,192 ","$397,863 ","$357,476 ","$395,359 ","$354,447 ","$398,890 ","$348,372 ","$396,694 ","$343,934 ","$393,669 ","$342,699 ","$390,365 ","$340,573 ","$386,759 ","$336,419 ","$385,656 ","$329,765 ","$379,103 ","$328,117 ","$376,406 ","$322,389 ","$375,669 ","$319,615 ","$319,020 ","$304,430 ","$316,037 ","$304,145 ","$449,660 ","$442,954 ","$314,461 ","$313,412 ","$309,753 ","$306,900 ","$305,221 ","$305,448 ","$304,441 ","$303,637 ","$303,385 ","$304,763 "
Clutha District,"$243,161 ","$223,851 ","$241,586 ","$223,282 ","$236,209 ","$211,700 ","$237,810 ","$208,170 ","$228,196 ","$205,576 ","$229,340 ","$207,002 ","$231,284 ","$212,193 ","$230,718 ","$213,517 ","$218,630 ","$213,658 ","$215,260 ","$209,395 ","$201,971 ","$186,819 ","$200,210 ","$185,954 ","$201,172 ","$183,785 ","$205,331 ","$181,864 ","$201,401 ","$177,575 ","$196,047 ","$174,420 ","$195,890 ","$174,414 ","$189,770 ","$177,180 ","$189,653 ","$178,351 ","$189,673 ","$177,429 ","$192,737 ","$173,514 ","$190,208 ","$169,549 ","$163,669 ","$165,335 ","$167,203 ","$166,443 ","$214,801 ","$221,577 ","$162,768 ","$166,298 ","$165,313 ","$168,595 ","$167,959 ","$168,391 ","$167,623 ","$167,692 ","$165,847 ","$161,531 "
Southland District,"$324,677 ","$282,099 ","$316,268 ","$271,384 ","$321,385 ","$274,228 ","$320,572 ","$279,432 ","$318,578 ","$279,300 ","$314,323 ","$279,193 ","$314,303 ","$282,276 ","$316,302 ","$280,595 ","$305,939 ","$283,403 ","$293,719 ","$272,221 ","$271,698 ","$228,760 ","$270,290 ","$225,353 ","$259,216 ","$220,621 ","$254,104 ","$224,231 ","$250,692 ","$220,118 ","$249,987 ","$219,557 ","$253,764 ","$216,756 ","$254,355 ","$221,690 ","$248,115 ","$217,475 ","$248,195 ","$216,090 ","$240,861 ","$215,920 ","$236,549 ","$215,761 ","$212,616 ","$205,423 ","$212,662 ","$206,194 ","$289,736 ","$285,654 ","$209,499 ","$212,871 ","$213,474 ","$216,705 ","$212,794 ","$210,486 ","$206,575 ","$203,325 ","$206,707 ","$203,716 "
Gore District,"$251,280 ","$228,894 ","$248,041 ","$227,847 ","$242,082 ","$224,202 ","$240,015 ","$218,262 ","$236,227 ","$218,257 ","$236,168 ","$221,703 ","$232,525 ","$222,812 ","$235,331 ","$225,255 ","$236,756 ","$221,832 ","$239,951 ","$219,810 ","$220,411 ","$201,719 ","$218,929 ","$202,333 ","$217,088 ","$199,523 ","$216,798 ","$197,861 ","$213,745 ","$200,025 ","$214,150 ","$196,117 ","$210,651 ","$195,477 ","$211,027 ","$191,897 ","$209,848 ","$190,443 ","$208,501 ","$190,430 ","$203,873 ","$186,680 ","$200,826 ","$186,949 ","$183,917 ","$184,210 ","$184,396 ","$182,676 ","$233,726 ","$230,188 ","$185,129 ","$187,074 ","$186,950 ","$184,621 ","$178,920 ","$181,757 ","$179,323 ","$183,197 ","$183,099 ","$182,644 "
Invercargill City,"$318,785 ","$280,698 ","$314,216 ","$277,379 ","$308,572 ","$272,855 ","$303,611 ","$267,174 ","$300,130 ","$264,915 ","$299,672 ","$264,122 ","$294,328 ","$263,961 ","$290,571 ","$261,762 ","$287,719 ","$259,919 ","$286,253 ","$255,045 ","$256,433 ","$236,416 ","$251,884 ","$233,326 ","$247,823 ","$229,342 ","$244,691 ","$229,991 ","$240,725 ","$228,652 ","$242,829 ","$223,487 ","$241,770 ","$221,391 ","$243,144 ","$218,426 ","$239,486 ","$217,665 ","$237,168 ","$217,740 ","$235,895 ","$215,981 ","$239,252 ","$215,487 ","$215,327 ","$204,705 ","$214,880 ","$204,574 ","$286,275 ","$282,705 ","$214,023 ","$209,735 ","$207,960 ","$207,367 ","$208,191 ","$208,458 ","$207,673 ","$208,612 ","$209,243 ","$206,755 "
